epoch,KF_E_m,KF_N_m,KF_U_m,KF_nobias_E_m,KF_nobias_N_m,KF_nobias_U_m,Single_E_m,Single_N_m,Single_U_m,C1_sat_count,C2_sat_count,L1_sat_count,L2_sat_count,ref_sat,condition,block_mode,R_diff_diag_coeff,R_diff_offdiag_coeff
1,-0.00367367559790118,-0.00232578455791362,0.00950480508798587,-0.00296226047111388,0.000506433934296131,0.00413224380777013,-0.0212967157612436,-0.0363375121143395,-0.00445139077841573,7,7,7,7,23,block_az0_60_ele70,sector,4,2
2,-0.033356706120158,-0.000414346108140735,0.0145912255952903,-0.0319338758665834,0.00525009087627876,0.00384610303485886,-0.052189456718473,0.0141205903551858,-0.124170111528573,7,7,7,7,23,block_az0_60_ele70,sector,4,2
3,-0.090738734300078,0.00158953398305408,0.0163311665055168,-0.0886044889197161,0.0100861894596833,0.000213482664869562,-0.0888889959255557,0.0600443025319768,-0.24121279755149,7,7,7,7,23,block_az0_60_ele70,sector,4,2
4,-0.132327363369862,0.00295062133697855,0.0188220696964524,-0.129481702862713,0.0142794953058175,-0.00266817542441059,-0.0936028160441912,0.131271678810562,-0.0438784268169426,7,7,7,7,23,block_az0_60_ele70,sector,4,2
5,-0.162344410699645,0.0048299584173438,0.0182327708469112,-0.158787335065709,0.0189910508783925,-0.00863003555416753,-0.0601661381854988,0.121335477075591,-0.132443025277903,7,7,7,7,23,block_az0_60_ele70,sector,4,2
6,-0.187614743958413,0.00620796939246642,0.0165757505049454,-0.183346253197689,0.0232012803457249,-0.015659617176349,-0.153224994958145,0.0899911381430227,-0.0851981516868459,7,7,7,7,23,block_az0_60_ele70,sector,4,2
7,-0.235818828660494,0.00550049394143644,0.0150166726583905,-0.230838922772983,0.0253260233869047,-0.0225912563031197,-0.267494479437591,0.0037023004894605,-0.122218483660128,7,7,7,7,23,block_az0_60_ele70,sector,4,2
8,-0.26892392522964,0.00614461638832032,0.0162735627107341,-0.263232604215342,0.0288023643259983,-0.0267069275309918,-0.318050731779041,-0.021660050379064,-0.163154776912107,7,7,7,7,23,block_az0_60_ele70,sector,4,2
9,-0.310682996977734,0.006365480025945,0.015953516266261,-0.304280260836648,0.0318554464558328,-0.0323995352556807,-0.36570086633254,-0.0143577336524022,-0.111356437266629,7,7,7,7,23,block_az0_60_ele70,sector,4,2
10,-0.340734953833728,0.00659897932162568,0.015305571716124,-0.333620802565855,0.0349211642437232,-0.0384200410860334,-0.292200430792172,0.0154666230658539,-0.217184276055151,7,7,7,7,23,block_az0_60_ele70,sector,4,2
11,-0.366316189619599,0.0107892836920288,0.0121680612973321,-0.358490623224939,0.041943687106336,-0.0469301127850411,-0.273777092827647,0.0606159577690631,-0.301309288486356,7,7,7,7,23,block_az0_60_ele70,sector,4,2
12,-0.381866797426908,0.0148405813106097,0.012185387133668,-0.37332981590546,0.0488272032171267,-0.0522853482289209,-0.245791684211116,0.0966527289267563,-0.292081191452195,7,7,7,7,23,block_az0_60_ele70,sector,4,2
13,-0.405832688139286,0.0160768824782076,0.0138253288519889,-0.396584291491051,0.0528957228769344,-0.0560179677908158,-0.305230754155212,-0.00428340821279108,-0.193616899473671,7,7,7,7,23,block_az0_60_ele70,sector,4,2
14,-0.424380649024468,0.0176205746276347,0.0134381775545485,-0.414420837249446,0.0572716335185712,-0.0617776803684719,-0.321688020622097,-0.0293611377823109,-0.108600576088743,7,7,7,7,23,block_az0_60_ele70,sector,4,2
15,-0.440630635758981,0.0185494371531221,0.014849947319727,-0.429959408857172,0.0610327145362684,-0.0657384718835092,-0.3950745578735,-0.0248889237477312,-0.152547892756801,7,7,7,7,23,block_az0_60_ele70,sector,4,2
16,-0.468764532040605,0.0216908436141425,0.0149480792566532,-0.457381890012009,0.0670063394894985,-0.0710129012267986,-0.381989290510346,0.0518570866270723,-0.394363709546432,7,7,7,7,23,block_az0_60_ele70,sector,4,2
17,-0.49375086755394,0.0239148359503299,0.0125408009597529,-0.481656810398556,0.0720625503178956,-0.0787927408039147,-0.372422555466616,0.120932085590383,-0.356901454595748,7,7,7,7,23,block_az0_60_ele70,sector,4,2
18,-0.5042235551223,0.0269906254809003,0.0119975000588822,-0.491418082840128,0.0779705583406758,-0.0847086029850012,-0.375360897317394,0.175637594010847,-0.358602533375028,7,7,7,7,23,block_az0_60_ele70,sector,4,2
19,-0.517087656896928,0.0288521293726291,0.0110564154248911,-0.503570769487969,0.0826642807246144,-0.091022248899208,-0.426546810198802,0.06788943991449,-0.239380162706068,7,7,7,7,23,block_az0_60_ele70,sector,4,2
20,-0.53230119190613,0.0289188514324485,0.00978388605444317,-0.518072889370385,0.0855632212766435,-0.0976673395498717,-0.477649879399625,0.0265639323174714,-0.134399518606269,7,7,7,7,23,block_az0_60_ele70,sector,4,2
21,-0.54514252353696,0.0310964261404239,0.00913513702943325,-0.530202805874427,0.0905730144768287,-0.103688649855097,-0.440702875884438,0.0345219243326538,-0.0849174092332643,7,7,7,7,23,block_az0_60_ele70,sector,4,2
22,-0.554625789192906,0.0311303142109503,0.00902184331501092,-0.538974656403586,0.0934391210395649,-0.109174504849735,-0.442278945331547,-0.0183088919738015,-0.0125883574078999,7,7,7,7,23,block_az0_60_ele70,sector,4,2
23,-0.575226847602766,0.0284222207707924,0.00891964242492559,-0.558864299686658,0.0935632460916167,-0.114649267020036,-0.437517700591823,-0.0300991739916129,-0.00144499073512532,7,7,7,7,23,block_az0_60_ele70,sector,4,2
24,-0.612632489313055,0.0301187922510081,0.00829174291008676,-0.59555852627016,0.0980920360640421,-0.120649727815091,-0.365565227920429,-0.0159118503872135,0.161126342837453,7,7,7,7,23,block_az0_60_ele70,sector,4,2
25,-0.636695235225433,0.0327855726601363,0.00610644429044375,-0.618909857055751,0.10359103496538,-0.12820758771495,-0.414819666587976,0.0291480774661903,0.164895417067673,7,7,7,7,23,block_az0_60_ele70,sector,4,2
26,-0.660586674450877,0.0367075796836219,0.00307270389215749,-0.642089881154407,0.110345260481075,-0.136613889393452,-0.485740729520813,0.0907141544653487,0.10965296303686,7,7,7,7,23,block_az0_60_ele70,sector,4,2
27,-0.68534353982087,0.0396552954904636,0.0001618095780474,-0.666135331397613,0.116125194780127,-0.144897344987778,-0.590454206168194,0.0418260374260386,0.187596639363188,7,7,7,7,23,block_az0_60_ele70,sector,4,2
28,-0.707324768886145,0.0397242283855626,-0.000216237236479663,-0.687405145336101,0.119026346167436,-0.15064795308252,-0.554401888898896,0.0702819777804145,0.133639693893897,7,7,7,7,23,block_az0_60_ele70,sector,4,2
29,-0.725031691667377,0.0409045611322404,-0.0025069464616501,-0.704400652990545,0.123038897406323,-0.158311223587907,-0.550439757961318,0.0592439006007755,0.146557434217197,7,7,7,7,23,block_az0_60_ele70,sector,4,2
30,-0.738557135756601,0.0454752418949493,-0.00517215748520644,-0.717214681952983,0.130441796661242,-0.166348995891679,-0.523260027056436,0.0558480264003264,0.0456147941192755,7,7,7,7,23,block_az0_60_ele70,sector,4,2
31,-0.75523850350769,0.0478257255028459,-0.00797971868372402,-0.733184634577284,0.135624498761348,-0.174529118370412,-0.570101112192652,0.0609041888388235,0.0388520964261565,7,7,7,7,23,block_az0_60_ele70,sector,4,2
32,-0.777077446877322,0.0518916120230672,-0.00849401335281374,-0.754312162820129,0.142522603773779,-0.180415974319717,-0.64607464465269,0.00956140899634746,0.0887938761657078,7,7,7,7,23,block_az0_60_ele70,sector,4,2
33,-0.796151321655814,0.0539457433253206,-0.0094377391540401,-0.772674622471834,0.147408953568242,-0.18673226140116,-0.708058427265928,0.0114433974529625,-0.00417375290937809,7,7,7,7,23,block_az0_60_ele70,sector,4,2
34,-0.812801734744568,0.0574309847784903,-0.00801306199789573,-0.7886136204338,0.153726413513622,-0.190680145525231,-0.756112641069084,0.0991405387545037,0.0394844168660448,7,7,7,7,23,block_az0_60_ele70,sector,4,2
35,-0.828467705361895,0.0594009940397576,-0.00631019087601787,-0.80356817592434,0.158528641267099,-0.194349835683569,-0.79994886337778,0.19192036231061,0.0145306866318336,7,7,7,7,23,block_az0_60_ele70,sector,4,2
36,-0.838050953685238,0.0615575564336021,-0.00905809255158999,-0.812440009120895,0.163517422153153,-0.202470298639357,-0.748662244831938,0.21084908219644,-0.0968783693908146,7,7,7,7,23,block_az0_60_ele70,sector,4,2
37,-0.854511188819512,0.0618553893553283,-0.0100003109694861,-0.828188829128383,0.166647473567089,-0.208785078337468,-0.684152512550282,0.196796007482968,-0.192957679068763,7,7,7,7,23,block_az0_60_ele70,sector,4,2
38,-0.871579050179915,0.0612678655909249,-0.0101458405314552,-0.844545275361998,0.168892168294895,-0.214303169179653,-0.722903513102123,0.103186229420691,-0.107460440473268,7,7,7,7,23,block_az0_60_ele70,sector,4,2
39,-0.88213001684152,0.0619277107525576,-0.0114463907243044,-0.854384826896815,0.172384231948738,-0.220976280652718,-0.751328939642335,-0.0106999163757775,-0.123578678962993,7,7,7,7,23,block_az0_60_ele70,sector,4,2
40,-0.892486038450659,0.0625631413492834,-0.0130781698193083,-0.864029433379168,0.175851881037673,-0.227980621027938,-0.791846205156276,-0.0374422762972625,-0.129349855023295,7,7,7,7,23,block_az0_60_ele70,sector,4,2
41,-0.901466073463943,0.0630416929008342,-0.0141771433238839,-0.872298053265664,0.179162651081434,-0.234452155812729,-0.800381317822854,-0.167052680368624,-0.0687743533396562,7,7,7,7,23,block_az0_60_ele70,sector,4,2
42,-0.910221990960893,0.0653550104181928,-0.01385707746514,-0.880342555635827,0.184308187091002,-0.239504651234201,-0.785669707110277,-0.176053219697452,0.0500779665093377,7,7,7,7,23,block_az0_60_ele70,sector,4,2
43,-0.918524630942355,0.065775552458247,-0.0139670340129148,-0.887933780490501,0.187560947623266,-0.244987169062192,-0.78085115436252,-0.176345526518866,0.08901841602798,7,7,7,7,23,block_az0_60_ele70,sector,4,2
44,-0.929524451064045,0.0654855419027733,-0.0137395400966626,-0.898222185485404,0.190103155560002,-0.250132236426155,-0.804393969284742,-0.25186983956266,0.221359580881126,7,7,7,7,23,block_az0_60_ele70,sector,4,2
45,-0.942219964672773,0.0638280933885678,-0.0136601492146275,-0.910206283967345,0.191277925538007,-0.255425406824336,-0.805269416643243,-0.291040632697552,0.350562107243937,7,7,7,7,23,block_az0_60_ele70,sector,4,2
46,-0.951642286538839,0.0623026684476555,-0.0136308405528999,-0.918917190706624,0.192584719089304,-0.260768659442824,-0.804838881756916,-0.238269339249987,0.326182182305447,7,7,7,7,23,block_az0_60_ele70,sector,4,2
47,-0.96739584948649,0.0633911223268119,-0.0140397173379172,-0.933959338527487,0.19650539146067,-0.266550097508057,-0.798581631261211,-0.226746649098849,0.381844017605764,7,7,7,7,23,block_az0_60_ele70,sector,4,2
48,-0.986065006693426,0.0618175237111086,-0.0119527564992098,-0.951917080607636,0.197764011337177,-0.269835697949565,-0.751472808716544,-0.17410472128974,0.366784910293213,7,7,7,7,23,block_az0_60_ele70,sector,4,2
49,-0.99511122296922,0.0613429190708608,-0.0140967280551846,-0.960251881756643,0.200121625189139,-0.277352230785756,-0.738621846150663,-0.164014564491026,0.288174798208752,7,7,7,7,23,block_az0_60_ele70,sector,4,2
50,-1.00712527916631,0.0619570661037514,-0.0156716431295732,-0.971554522826943,0.203567990714239,-0.28429970714036,-0.709658408875587,-0.101680696530009,0.376914245151375,7,7,7,7,23,block_az0_60_ele70,sector,4,2
51,-1.01556635769888,0.0622467514654939,-0.0166220606661953,-0.979284186232724,0.206689894568191,-0.290622685957198,-0.774777082253494,-0.129160995135783,0.298483190274281,7,7,7,7,23,block_az0_60_ele70,sector,4,2
52,-1.02474483627531,0.0623780671686307,-0.0177703630239105,-0.987751249682367,0.209653428763538,-0.297143549595129,-0.825187259015809,-0.138332033156039,0.200655372781083,7,7,7,7,23,block_az0_60_ele70,sector,4,2
53,-1.03293062349809,0.0622503144289386,-0.0190257370852454,-0.995225621778359,0.212357894516055,-0.30377148493668,-0.853602639107402,-0.185790855678391,0.128114902117545,7,7,7,7,23,block_az0_60_ele70,sector,4,2
54,-1.04110940913147,0.0617322849383517,-0.0198588281763421,-1.00269299228496,0.214672083517678,-0.309977137307992,-0.831147682524848,-0.199044680144347,0.266167110793976,7,7,7,7,23,block_az0_60_ele70,sector,4,2
55,-1.0503305875721,0.0626410268359901,-0.0203727773359388,-1.01120275559879,0.218413043907526,-0.315863647747805,-0.894185206828904,-0.231108103191379,0.298830282356534,7,7,7,7,23,block_az0_60_ele70,sector,4,2
56,-1.06207054990827,0.0635221297110088,-0.0195841111228315,-1.02223130280819,0.222126365274755,-0.320447542814913,-0.870647489647522,-0.256696238538733,0.368203898500962,7,7,7,7,23,block_az0_60_ele70,sector,4,2
57,-1.07166655040393,0.0627261441014372,-0.0184526293839735,-1.03111588817705,0.224162598157393,-0.324688622356271,-0.829061772911465,-0.287824007513924,0.584425952831257,7,7,7,7,23,block_az0_60_ele70,sector,4,2
58,-1.08157367180552,0.0627872611316387,-0.0158982209387594,-1.04031159445186,0.227055933679804,-0.327506775191272,-0.885414842384599,-0.319563056943693,0.583308122078853,7,7,7,7,23,block_az0_60_ele70,sector,4,2
59,-1.08531393479925,0.0636540917279153,-0.0153746583939635,-1.0433404423188,0.230754982768291,-0.332355773926692,-0.871318650093203,-0.242160806891663,0.440422683253894,7,7,7,7,23,block_az0_60_ele70,sector,4,2
60,-1.09150662845847,0.0635202576581975,-0.0151092995760084,-1.04882172085124,0.233453367190782,-0.337462976388953,-0.816514327979642,-0.158504023004657,0.254367177357847,7,7,7,7,23,block_az0_60_ele70,sector,4,2
61,-1.10400976514716,0.0655525060758718,-0.0146380406987455,-1.06061344241314,0.238317834100667,-0.342364278791906,-0.784577796130448,-0.109310475178632,0.190163137906754,7,7,7,7,23,block_az0_60_ele70,sector,4,2
62,-1.13258354030543,0.0701659518719719,-0.0169682508485163,-1.08847580244462,0.245763498388976,-0.350067050221892,-0.910377337649846,-0.0551999890182516,0.156395644867209,7,7,7,7,23,block_az0_60_ele70,sector,4,2
63,-1.15074866607154,0.0687184198189304,-0.0157139279621272,-1.10592951308394,0.247148184828145,-0.354185288615719,-1.02854742641169,-0.198607106638535,0.35161474667554,7,7,7,7,23,block_az0_60_ele70,sector,4,2
64,-1.1672380232466,0.0695717650192198,-0.0143274313936029,-1.12170745513222,0.250833748520644,-0.35817135332741,-1.18622544482985,-0.303363878191726,0.646038675779921,7,7,7,7,23,block_az0_60_ele70,sector,4,2
65,-1.17309813496761,0.0700214244975214,-0.0144945959721555,-1.12685615172644,0.254115626491155,-0.363711079186179,-1.22165895155569,-0.32421851211805,0.734757385454389,7,7,7,7,23,block_az0_60_ele70,sector,4,2
66,-1.18564843120624,0.0695192845510017,-0.0137439917702736,-1.13869503283828,0.256445705036845,-0.368333036264513,-1.28448945539534,-0.417538959425854,0.84119723207887,7,7,7,7,23,block_az0_60_ele70,sector,4,2
67,-1.20070620066468,0.0693543740922906,-0.0125051730547363,-1.15304138716993,0.259113013070344,-0.372466778829191,-1.20977387771882,-0.244390508430746,0.455600549429456,7,7,7,7,23,block_az0_60_ele70,sector,4,2
68,-1.20829261577669,0.0691675115568258,-0.0139414056661107,-1.15991638715516,0.261758369027089,-0.379275572720781,-1.14373115445135,-0.126341623956453,0.089163619696591,7,7,7,7,23,block_az0_60_ele70,sector,4,2
69,-1.21701210826064,0.070606725952262,-0.0179307806929339,-1.16792446451232,0.266029801914735,-0.38863750902782,-1.08427268598873,-0.101537850000041,-0.1145223736704,7,7,7,7,23,block_az0_60_ele70,sector,4,2
70,-1.22540516382778,0.071979621325171,-0.0203286034989218,-1.17560610495267,0.270234915779854,-0.396407893114024,-1.07962037728539,-0.127656983893959,0.0795275140484918,7,7,7,7,23,block_az0_60_ele70,sector,4,2
71,-1.23444463454676,0.0714089627433122,-0.0221599111447443,-1.18393416054486,0.272496475690204,-0.403611762040062,-1.1189828528951,-0.161095059552095,0.203085660849898,7,7,7,7,23,block_az0_60_ele70,sector,4,2
72,-1.24225782443407,0.0729837910587506,-0.0218535535123502,-1.19103593530539,0.276903522497853,-0.408677965687884,-1.13411358269356,-0.249431243052256,0.296506009451666,7,7,7,7,23,block_az0_60_ele70,sector,4,2
73,-1.25089163381023,0.0730628002101318,-0.0220446352345399,-1.19895832955476,0.279814750141443,-0.414241608690289,-1.17624220398151,-0.300474434170106,0.241475487395857,7,7,7,7,23,block_az0_60_ele70,sector,4,2
74,-1.25668994944448,0.0730411759549736,-0.0233842387019936,-1.20404523006222,0.282625344378495,-0.420953773437958,-1.19718256127324,-0.341401378953078,0.0973983474680687,7,7,7,7,23,block_az0_60_ele70,sector,4,2
75,-1.2662627599817,0.0730692501722431,-0.0240733966055761,-1.21290662547266,0.285485637087974,-0.427015492621757,-1.26228782493675,-0.40174346148795,0.0984323514858471,7,7,7,7,23,block_az0_60_ele70,sector,4,2
76,-1.27656109381516,0.073676755750662,-0.0224617936927956,-1.22249354417932,0.288925361158603,-0.430776450989192,-1.29967305298313,-0.404658834231079,0.174829323687261,7,7,7,7,23,block_az0_60_ele70,sector,4,2
77,-1.28176509224985,0.0719813973830091,-0.0220969614685385,-1.22698612748723,0.29006222128316,-0.435784180045151,-1.17705941395592,-0.210509956867181,-0.216513180737559,7,7,7,7,23,block_az0_60_ele70,sector,4,2
78,-1.28629415077287,0.0735549227522725,-0.0203899260099526,-1.23080377088346,0.294467965144633,-0.43944970586678,-1.07013150118862,-0.107834099338961,-0.502971840787871,7,7,7,7,23,block_az0_60_ele70,sector,4,2
79,-1.29374881837239,0.0730767822022658,-0.0150480655194201,-1.2375470233562,0.296822043086836,-0.439480406656464,-0.96086880404732,0.0932352407903228,-0.857163023777112,7,7,7,7,23,block_az0_60_ele70,sector,4,2
80,-1.30433686930862,0.0716383875126084,-0.011585311784757,-1.24742365916563,0.298215866889388,-0.441390214202016,-0.938619743469971,0.179123717813992,-0.970605342056546,7,7,7,7,23,block_az0_60_ele70,sector,4,2
81,-1.31020993347607,0.0718026523161119,-0.0136664626259676,-1.2525853082063,0.301212350185102,-0.448843926323443,-0.897981739485107,0.235295553689,-1.11451603180859,7,7,7,7,23,block_az0_60_ele70,sector,4,2
82,-1.32318431043963,0.0736006830652713,-0.0125411432523601,-1.26484827004307,0.305842599426471,-0.453091168230051,-0.878249970072068,0.213834994127297,-1.15192933286024,7,7,7,7,23,block_az0_60_ele70,sector,4,2
83,-1.33618646700094,0.0739349231513686,-0.0141666966395995,-1.2771390114776,0.309009058004778,-0.460089282897506,-0.978283096978909,0.0717100631652641,-1.0857923776232,7,7,7,7,23,block_az0_60_ele70,sector,4,2
84,-1.35183971909054,0.0735951979106251,-0.0165927723324989,-1.2920808484404,0.311501551256244,-0.467887919870621,-1.07060694933939,-0.0847838124908837,-0.560987031275093,7,7,7,7,23,block_az0_60_ele70,sector,4,2
85,-1.36059827130908,0.0746009512993625,-0.0183790634768551,-1.30012798553216,0.315339523137191,-0.475046772295193,-1.1445420665338,-0.183663482860796,-0.476131673372603,7,7,7,7,23,block_az0_60_ele70,sector,4,2
86,-1.37447112012657,0.0753536224573454,-0.0184389878541064,-1.31328941922286,0.318924412787384,-0.48047925795266,-1.18704067263182,-0.228366399176576,-0.375554525480424,7,7,7,7,23,block_az0_60_ele70,sector,4,2
87,-1.38204348937347,0.0755791259018431,-0.0168979795064089,-1.32015037334297,0.321982134724091,-0.484310810885179,-1.156735175515,-0.273591440120809,-0.215466650760715,7,7,7,7,23,block_az0_60_ele70,sector,4,2
88,-1.38787791236927,0.0761592118455391,-0.0154475568929798,-1.32527338121199,0.325394439159997,-0.488232949551965,-1.26299664543194,-0.284305737218983,-0.30532662364028,7,7,7,7,23,block_az0_60_ele70,sector,4,2
89,-1.39261713683922,0.0754876955742733,-0.0138552697066846,-1.32930119055515,0.327555141380941,-0.492013223645886,-1.21459090830175,-0.136230435782236,-0.549715320506154,7,7,7,7,23,block_az0_60_ele70,sector,4,2
90,-1.40613512078007,0.0741292791925462,-0.0087707399763822,-1.34210775936921,0.329028943491424,-0.492301255195799,-1.34075669580726,-0.135751821079478,-0.440713100483364,7,7,7,7,23,block_az0_60_ele70,sector,4,2
91,-1.42197976091271,0.0731394594042584,-0.00763954429708272,-1.35724098437507,0.330871342195346,-0.496542620796715,-1.36841226800617,0.0655292396511887,-0.887970472540959,7,7,7,7,23,block_az0_60_ele70,sector,4,2
92,-1.43848282000885,0.074200754402769,-0.00673648267609747,-1.37303262834442,0.334764855686066,-0.501012120455946,-1.36805611407872,0.234869145442734,-1.21337406245908,7,7,7,7,23,block_az0_60_ele70,sector,4,2
93,-1.44958440250707,0.0737090781469978,-0.00708475292299943,-1.38342279571585,0.337105397922505,-0.506732951983064,-1.4126328964226,0.32623784133192,-1.39047527742367,7,7,7,7,23,block_az0_60_ele70,sector,4,2
94,-1.46099015672393,0.0752580148173365,-0.00544097042009446,-1.39411713480592,0.341486553085053,-0.510461730760374,-1.38551936666104,0.422611754681467,-1.507457606409,7,7,7,7,23,block_az0_60_ele70,sector,4,2
95,-1.47003521451591,0.0757838884188893,-0.0028436768775252,-1.40245077747112,0.344844645178816,-0.513236998498021,-1.41957074212058,0.353223315299042,-1.44705027574144,7,7,7,7,23,block_az0_60_ele70,sector,4,2
96,-1.48056071792501,0.0768678180320256,-0.00020337298155982,-1.41226486575343,0.348760793284162,-0.515969255882271,-1.4567896109191,0.343433268557462,-1.3434965642845,7,7,7,7,23,block_az0_60_ele70,sector,4,2
97,-1.48807731400343,0.0761762859848565,0.00227117954687469,-1.41907004670506,0.350901479729202,-0.518867264634052,-1.43719204159869,0.227314504208125,-1.26502268745095,7,7,7,7,23,block_az0_60_ele70,sector,4,2
98,-1.49656831540699,0.0758753937836063,0.00345477853872902,-1.42684963298183,0.353432806020162,-0.523056226922414,-1.47391205490425,0.219607147105937,-1.40914049355296,7,7,7,7,23,block_az0_60_ele70,sector,4,2
99,-1.50537191436915,0.0775485942786252,0.00412386746784722,-1.43494181681721,0.35793822500739,-0.527759699273511,-1.55471961292707,0.183787453659457,-1.23972245292366,7,7,7,7,23,block_az0_60_ele70,sector,4,2
100,-1.51790950804111,0.0772851810961886,0.00525150529157166,-1.44676799536238,0.360507030317164,-0.532004622730002,-1.57990198193736,0.212350311083572,-1.30540034393495,7,7,7,7,23,block_az0_60_ele70,sector,4,2
101,-1.53298793322177,0.0778697938804362,0.00453107015637529,-1.46113500541626,0.363923861593621,-0.538097619145415,-1.59143137926933,0.268120682022796,-1.40581672991472,7,7,7,7,23,block_az0_60_ele70,sector,4,2
102,-1.54202253821067,0.0795255606994907,0.00510956449162097,-1.46945819527836,0.368411846904885,-0.542891686090385,-1.51951343640637,0.464661969764688,-1.65763900037462,7,7,7,7,23,block_az0_60_ele70,sector,4,2
103,-1.55066932873735,0.0802215980154402,0.00532467552345749,-1.47739357067826,0.371940102713044,-0.548049136338764,-1.58263751121142,0.533139907568896,-1.67257110332644,7,7,7,7,23,block_az0_60_ele70,sector,4,2
104,-1.56123929275359,0.0790625094055685,0.00657658225157945,-1.48725211956771,0.373613232595382,-0.552169790890858,-1.649281130525,0.544269360558578,-1.56439861835214,7,7,7,7,23,block_az0_60_ele70,sector,4,2
105,-1.57069250690708,0.0786113109650016,0.00861552997990107,-1.49599391859441,0.375994252647025,-0.555503404442752,-1.66018504401163,0.537907685663382,-1.49181296272085,7,7,7,7,23,block_az0_60_ele70,sector,4,2
106,-1.58123527557032,0.0770770970156952,0.0104905125754789,-1.50582527213086,0.377292257189929,-0.55900098312739,-1.69552839899558,0.568810440058299,-1.43035581902748,7,7,7,7,23,block_az0_60_ele70,sector,4,2
107,-1.58977269734841,0.0769523598051578,0.0150523575275289,-1.51365127878217,0.379999738471601,-0.559811699455555,-1.63292703481791,0.625241822436565,-1.41626197637935,7,7,7,7,23,block_az0_60_ele70,sector,4,2
108,-1.60223902934472,0.0769025910745507,0.0169658587717605,-1.52540619565169,0.382782188233204,-0.56327075949154,-1.69116751340849,0.571752655172663,-1.30077022983729,7,7,7,7,23,block_az0_60_ele70,sector,4,2
109,-1.60848551935831,0.0756842045293546,0.0221277396729796,-1.5309412705385,0.384396020180217,-0.563481439870536,-1.68668043575873,0.583629578573079,-1.12556196850106,7,7,7,7,23,block_az0_60_ele70,sector,4,2
110,-1.62020554422235,0.0751147519082422,0.0270978237798956,-1.54194988027575,0.386658786051315,-0.563883917043836,-1.71664560374868,0.441963675898333,-1.05133305568988,7,7,7,7,23,block_az0_60_ele70,sector,4,2
111,-1.62945834134956,0.0736395240492476,0.0292286314171442,-1.55049126227617,0.38801577668453,-0.567125670686803,-1.75462307690278,0.321190936734928,-1.00260279841609,7,7,7,7,23,block_az0_60_ele70,sector,4,2
112,-1.63950236252131,0.0728228095403385,0.0309497863914517,-1.55982386832113,0.39003128066783,-0.570777076992711,-1.75708368671724,0.285979785363856,-0.999927221716519,7,7,7,7,23,block_az0_60_ele70,sector,4,2
113,-1.65028216329683,0.0710686161786002,0.0346349187437881,-1.56989225396986,0.391109305798302,-0.572464505920591,-1.77055164895173,0.221069006693292,-0.976345584558088,7,7,7,7,23,block_az0_60_ele70,sector,4,2
114,-1.65832704132052,0.0701730519759425,0.037281379660461,-1.57722571686676,0.393045960087854,-0.575190606284134,-1.76381974378305,0.174055336111512,-1.04129740386089,7,7,7,7,23,block_az0_60_ele70,sector,4,2
115,-1.66672914380079,0.0704726565814737,0.0399853178901907,-1.58491640422025,0.396177783185595,-0.57785922933462,-1.71147404989208,0.218786206542293,-1.14485022366009,7,7,7,7,23,block_az0_60_ele70,sector,4,2
116,-1.6726302036315,0.0697843021856709,0.0407214996024956,-1.59010604892418,0.398321647282002,-0.58249560890253,-1.68866320850466,0.292936113410864,-1.34319893868232,7,7,7,7,23,block_az0_60_ele70,sector,4,2
117,-1.67577159265998,0.0698804594596693,0.0392883204884791,-1.59253602282587,0.40125002304821,-0.589301349296763,-1.71705313918325,0.288768567148225,-1.35804932428065,7,7,7,7,23,block_az0_60_ele70,sector,4,2
118,-1.68891439554862,0.0709318567365941,0.0375554104727434,-1.60496741058772,0.405133638817345,-0.596406820592714,-1.7081232303171,0.25835334141807,-1.40067938075929,7,7,7,7,23,block_az0_60_ele70,sector,4,2
119,-1.69909356093152,0.0708814588735991,0.0352618565337201,-1.61443516084383,0.407915459446559,-0.604072935811953,-1.80252349517977,0.188709219089947,-1.19891272700297,7,7,7,7,23,block_az0_60_ele70,sector,4,2
120,-1.70607746544723,0.0719330301978645,0.0341864853920273,-1.62070765023276,0.411799249263034,-0.610520868233862,-1.81971087128043,0.101421865596629,-0.941399337792159,7,7,7,7,23,block_az0_60_ele70,sector,4,2
121,-1.71715444877216,0.0740260586214508,0.0314785685713576,-1.6310732184309,0.41672449617883,-0.618601346334747,-1.89523425940535,0.0502836718933023,-0.70828124309884,7,7,7,7,23,block_az0_60_ele70,sector,4,2
122,-1.72984954903269,0.0748830558653358,0.0323657669882356,-1.64305690356464,0.420413711914925,-0.623086709198085,-1.82183914151915,0.0455489480415942,-0.401484158123132,7,7,7,7,23,block_az0_60_ele70,sector,4,2
123,-1.74766203316736,0.0747687192012872,0.0332571734076101,-1.66015797257253,0.423131593743086,-0.627567864058926,-1.7487660001473,0.0595790009357327,-0.337331114880229,7,7,7,7,23,block_az0_60_ele70,sector,4,2
124,-1.76262562534248,0.0749248396826392,0.0364423899950925,-1.67441014962086,0.426119932716648,-0.629755208751659,-1.66356460863033,0.104194657502317,-0.401216294969264,7,7,7,7,23,block_az0_60_ele70,sector,4,2
125,-1.77285619495363,0.0760161155528638,0.0379245209381757,-1.68392930410522,0.430043427079082,-0.633645639088792,-1.55110553878911,0.155255089590409,-0.517483792922416,7,7,7,7,23,block_az0_60_ele70,sector,4,2
126,-1.78538927908208,0.0771149439241151,0.0375426722749998,-1.69575097310689,0.433974473942544,-0.639400049032184,-1.50836482307026,0.213621670950879,-0.556554940296293,7,7,7,7,23,block_az0_60_ele70,sector,4,2
127,-1.79634644560038,0.079293155557471,0.0348431365159945,-1.70599672449839,0.438984904068109,-0.647472146071405,-1.47768917450187,0.306128213391344,-0.553962305679802,7,7,7,7,23,block_az0_60_ele70,sector,4,2
128,-1.80803712746003,0.0822362781613697,0.0345288777744774,-1.71697599123126,0.444760245164218,-0.653158966093138,-1.63118444492422,0.276807124593455,-0.334581994083743,7,7,7,7,23,block_az0_60_ele70,sector,4,2
129,-1.82047331718066,0.0826390788970703,0.0338147824929995,-1.7287007658251,0.447995264392128,-0.659245622654831,-1.62112704686331,0.264299177638514,-0.262533216305681,7,7,7,7,23,block_az0_60_ele70,sector,4,2
130,-1.829529437828,0.0836368586223882,0.0325628337685977,-1.73704547134565,0.451825262609656,-0.665870132659449,-1.69182150070497,0.135220293689141,0.129918467022006,7,7,7,7,23,block_az0_60_ele70,sector,4,2
131,-1.84104561250886,0.0824644073726986,0.032540074848545,-1.74785023089973,0.453485029852176,-0.671265452859717,-1.69780606475315,0.144022498245318,-0.0523416444164034,7,7,7,7,23,block_az0_60_ele70,sector,4,2
132,-1.84664824860611,0.0830756580147926,0.0327178484982355,-1.75274145187019,0.45692849898648,-0.676460240490242,-1.68152150235773,0.142089743755556,-0.269876324303427,7,7,7,7,23,block_az0_60_ele70,sector,4,2
133,-1.85834126911403,0.0840498811397242,0.0332478209916366,-1.76372305725132,0.460734940603621,-0.681302829277057,-1.67914984781609,0.154619783235598,-0.312177056902151,7,7,7,7,23,block_az0_60_ele70,sector,4,2
134,-1.87056949266119,0.0830703006714151,0.0346639272953222,-1.77523986567169,0.462587578627522,-0.685259284253587,-1.57180332321785,0.170799316172048,-0.435127956061642,7,7,7,7,23,block_az0_60_ele70,sector,4,2
135,-1.87877524407245,0.0843668265447566,0.033513298336899,-1.78273420195617,0.466716322993073,-0.691782474492226,-1.57214319913345,0.0970211592594303,-0.333998829412414,7,7,7,7,23,block_az0_60_ele70,sector,4,2
136,-1.88679247052092,0.0868450828925419,0.0321870819457562,-1.79004001327785,0.472026797833068,-0.698481252163585,-1.57779722409759,0.0680402369046549,-0.0978275054979692,7,7,7,7,23,block_az0_60_ele70,sector,4,2
137,-1.89407957230542,0.0895900805439148,0.0297915744265639,-1.79661569993556,0.477604013976651,-0.706249320962993,-1.6637164124068,0.0204813124413863,0.0712862615209365,7,7,7,7,23,block_az0_60_ele70,sector,4,2
138,-1.90211717426808,0.0912726869249466,0.0263058775762157,-1.80394188677144,0.482118838849892,-0.715107579093557,-1.7221535577626,0.0283359267969243,0.00853656403916981,7,7,7,7,23,block_az0_60_ele70,sector,4,2
139,-1.91449037724171,0.0907567936578041,0.0258018026425271,-1.81560367461827,0.484435164074959,-0.720984215307461,-1.80362849923632,-0.0202404760044098,0.18593642826572,7,7,7,7,23,block_az0_60_ele70,sector,4,2
140,-1.92851725903554,0.0933684794031102,0.0252104774287425,-1.82891914128532,0.489879068312475,-0.726948101801462,-1.85410823398131,-0.0397267028287071,0.350595535916789,7,7,7,7,23,block_az0_60_ele70,sector,4,2
141,-1.94115929121147,0.0960734193913112,0.0253552441931904,-1.84084975833446,0.495416226792886,-0.732175896317229,-1.89035314803541,-0.0121493347656566,0.373649813058579,7,7,7,7,23,block_az0_60_ele70,sector,4,2
142,-1.95418952690252,0.0960969361079924,0.0295554978621288,-1.85316857889872,0.498271962001777,-0.733348203928507,-1.84630564750609,0.127940130045995,0.154993385431297,7,7,7,7,23,block_az0_60_ele70,sector,4,2
143,-1.96306920562135,0.0945041916344599,0.0310755210298033,-1.86133684249077,0.499511436020454,-0.737200742041048,-1.82921303046927,0.169758188975802,0.077487248309684,7,7,7,7,23,block_az0_60_ele70,sector,4,2
144,-1.97190693465317,0.0947718634945401,0.0325522123759446,-1.8694631563958,0.502611326372744,-0.741096611975122,-1.7874245402994,0.257556435543295,-0.201587244209377,7,7,7,7,23,block_az0_60_ele70,sector,4,2
145,-1.98151973389187,0.094777657861979,0.0326752113937739,-1.87836454050772,0.505449339232393,-0.746346174237508,-1.71858688383537,0.334174508758538,-0.327312207132127,7,7,7,7,23,block_az0_60_ele70,sector,4,2
146,-1.98844641720006,0.0966877159002448,0.028477388668016,-1.88457980868912,0.510191615762868,-0.755916558243482,-1.71700501929667,0.322278877155256,-0.633710060149769,7,7,7,7,23,block_az0_60_ele70,sector,4,2
147,-2.00051670477499,0.0998975284378158,0.0235890351486345,-1.89593868113726,0.516233646792649,-0.76617747304308,-1.75315509714665,0.252987066004141,-0.656226979907347,7,7,7,7,23,block_az0_60_ele70,sector,4,2
148,-2.0106333726756,0.10266768490654,0.0212878944694155,-1.90534393391108,0.521836021753582,-0.773851175002514,-1.83288430541691,0.171767988729484,-0.509314606501407,7,7,7,7,23,block_az0_60_ele70,sector,4,2
149,-2.01751785813019,0.103413691056484,0.01987173588651,-1.91151700423888,0.525414246395737,-0.780639894865636,-1.82098541865043,0.0742902540093514,-0.405740884431345,7,7,7,7,23,block_az0_60_ele70,sector,4,2
150,-2.0275876956376,0.105005822367561,0.0202736383047633,-1.9208754266195,0.529838596199024,-0.785610553727598,-1.95460339219497,-0.112502495872647,-0.0740985500049523,7,7,7,7,23,block_az0_60_ele70,sector,4,2
151,-2.03664852717599,0.105581159210655,0.0199812734919639,-1.9292248430311,0.533246151534327,-0.791275479820613,-1.94468810424618,-0.0975320519337468,-0.06748405881443,7,7,7,7,23,block_az0_60_ele70,sector,4,2
152,-2.03955005012854,0.104279474839071,0.0206045299754651,-1.93141495085687,0.534776685654953,-0.796024784617328,-1.85850191351164,-0.116398616624561,-0.106778993324198,7,7,7,7,23,block_az0_60_ele70,sector,4,2
153,-2.05341641284941,0.107055991992676,0.0190028443303293,-1.94456989845096,0.540385421300768,-0.802999031542679,-1.90657731389226,-0.180466643210563,-0.14488840138274,7,7,7,7,23,block_az0_60_ele70,sector,4,2
154,-2.06112671299907,0.108562474408012,0.0181358152026485,-1.95156878347383,0.544724122208313,-0.809238621950576,-1.84744688691461,-0.128718939507181,-0.298829835884419,7,7,7,7,23,block_az0_60_ele70,sector,4,2
155,-2.07554365997318,0.111676329930249,0.0180168659195398,-1.96527431532115,0.55067019622276,-0.8147301325139,-1.79374450515609,0.0327061919616539,-0.331926436139732,7,7,7,7,23,block_az0_60_ele70,sector,4,2
156,-2.09084952860138,0.110998353459306,0.0169858164582274,-1.97986876882256,0.552824438244026,-0.821133743255429,-1.90107713864616,-0.0140575362166049,-0.28849903742955,7,7,7,7,23,block_az0_60_ele70,sector,4,2
157,-2.10436893868391,0.111498302823509,0.0177249974951105,-1.99267676377831,0.556156606100439,-0.825767123498761,-1.95094082412053,0.0237439989439792,-0.267392841045314,7,7,7,7,23,block_az0_60_ele70,sector,4,2
158,-2.11201183970211,0.114475052801843,0.0150701194664544,-1.99960824966971,0.561965574570983,-0.833794562807633,-1.79535297491228,0.264770754113303,-0.766554273158517,7,7,7,7,23,block_az0_60_ele70,sector,4,2
159,-2.12319497932716,0.116418735611454,0.0129922105770867,-2.01007997416798,0.566741475872804,-0.841245032977216,-1.79808369035147,0.348391196158543,-0.727682248267475,7,7,7,7,23,block_az0_60_ele70,sector,4,2
160,-2.13048827262265,0.119197156344646,0.0113514449183075,-2.01666185233668,0.572352115098206,-0.848258359916211,-1.76907713019882,0.462164049246899,-0.638699115363849,7,7,7,7,23,block_az0_60_ele70,sector,4,2
161,-2.13926865370063,0.119231337494991,0.00757164435637038,-2.02473081828788,0.575218514740761,-0.857410721758364,-1.89854984038079,0.349682836193311,-0.531142993783113,7,7,7,7,23,block_az0_60_ele70,sector,4,2
162,-2.14251861170344,0.121983462817607,0.00650591879332477,-2.0272693611639,0.580802858555586,-0.863849008601626,-1.97718114621718,0.33386594247811,-0.710346769299615,7,7,7,7,23,block_az0_60_ele70,sector,4,2
163,-2.14995676278911,0.121623576252452,0.00611174043001925,-2.03399609712278,0.583275190482641,-0.869615748245147,-2.07425059604017,0.237444282763446,-0.625535323253406,7,7,7,7,23,block_az0_60_ele70,sector,4,2
164,-2.1586561463226,0.121878206770806,0.00420625343554892,-2.04198406552949,0.586362039493205,-0.876893796519833,-2.12185039219551,0.166580173801413,-0.39323283139178,7,7,7,7,23,block_az0_60_ele70,sector,4,2
165,-2.16536960075539,0.121530877222147,0.00333438997412883,-2.04798610483549,0.588846928436756,-0.883138221261468,-2.18476404675922,0.121543091416317,-0.118269395434631,7,7,7,7,23,block_az0_60_ele70,sector,4,2
166,-2.17115523986165,0.1226795709324,0.000668373450341646,-2.05306032881496,0.592827840639219,-0.891176799065472,-2.26594901255901,0.170192800467407,0.0142420029875951,7,7,7,7,23,block_az0_60_ele70,sector,4,2
167,-2.18072176486049,0.126600955197959,-0.000493423085439801,-2.06191543868701,0.599581443396987,-0.897711156881469,-2.31202694252371,0.169510235342601,-0.0546830325371625,7,7,7,7,23,block_az0_60_ele70,sector,4,2
168,-2.18718321003705,0.1283755800214,-0.00288248558710127,-2.06766546873678,0.604188286712638,-0.905472780663346,-2.26506837949306,0.20248402333678,-0.190341230205146,7,7,7,7,23,block_az0_60_ele70,sector,4,2
169,-2.19462617916618,0.128558592006525,-0.00178086878830891,-2.07439702273912,0.607203517189972,-0.909743725144769,-2.26436055169605,0.158787217391752,-0.2113198590974,7,7,7,7,23,block_az0_60_ele70,sector,4,2
170,-2.20606256771158,0.130358908446777,-0.00273987669763489,-2.08512199615774,0.611836052122434,-0.916075294334311,-2.18944300342573,0.191619299964663,-0.164005863894184,7,7,7,7,23,block_az0_60_ele70,sector,4,2
171,-2.22209198765493,0.130954634199895,-0.00244892783015846,-2.10044000097431,0.615263996367762,-0.92115690674705,-2.1839210395335,0.222481547269941,-0.0268958931078595,7,7,7,7,23,block_az0_60_ele70,sector,4,2
172,-2.23060670945445,0.132367408914849,-0.00486307791684147,-2.10824330764704,0.619508989574926,-0.928943618113949,-2.12968285578738,0.310261412005646,-0.099282247615462,7,7,7,7,23,block_az0_60_ele70,sector,4,2
173,-2.23938373482458,0.134573179210408,-0.00480773580915964,-2.11630891789038,0.624546978362695,-0.934260837286483,-2.11196663275297,0.334328867911581,-0.181842575100085,7,7,7,7,23,block_az0_60_ele70,sector,4,2
174,-2.24879829119296,0.133624308894386,-0.00789649546441249,-2.12501205913197,0.626430326538883,-0.942722158221951,-2.14509224930944,0.396637534602386,-0.21892099893066,7,7,7,7,23,block_az0_60_ele70,sector,4,2
175,-2.25718608413127,0.13392392946704,-0.00852889646350156,-2.13268843694349,0.629562165603747,-0.948727120501256,-2.08436023247214,0.417254893723348,-0.0941864779678994,7,7,7,7,23,block_az0_60_ele70,sector,4,2
176,-2.26390501798764,0.135719190734424,-0.00904198742348334,-2.13869595567307,0.63418964536334,-0.954612772741454,-2.1755914002705,0.346328314459016,-0.274813469321018,7,7,7,7,23,block_az0_60_ele70,sector,4,2
177,-2.27141487509433,0.13613027584483,-0.0109369563284397,-2.14549439765298,0.637432948965956,-0.961880302926626,-2.24929582814847,0.252595224082075,-0.11152229423462,7,7,7,7,23,block_az0_60_ele70,sector,4,2
178,-2.27851725609668,0.137791858365166,-0.0134583419099138,-2.15188536352854,0.641926749978501,-0.969774249788316,-2.26951472600071,0.27732267055699,-0.215200438459975,7,7,7,7,23,block_az0_60_ele70,sector,4,2
179,-2.28599478046672,0.137229161154122,-0.015287975246146,-2.15865147277179,0.644196271259667,-0.976976444404764,-2.23725726438002,0.231244586543636,-0.146478717054517,7,7,7,7,23,block_az0_60_ele70,sector,4,2
180,-2.29568581395074,0.1377333150528,-0.0150446434120765,-2.16763109112902,0.647532643650555,-0.98210567385091,-2.28527951302841,0.154260224569725,-0.0857146099438145,7,7,7,7,23,block_az0_60_ele70,sector,4,2
181,-2.30388633757663,0.138256803584187,-0.016232008905735,-2.17512019962813,0.650888350674152,-0.988665600624784,-2.22131107901464,0.185817905255271,-0.23742222745388,7,7,7,7,23,block_az0_60_ele70,sector,4,2
182,-2.31764509934274,0.139645007518327,-0.0176169502659208,-2.18816754626745,0.655108773100502,-0.995423103265186,-2.21192723301838,0.163142786330658,-0.464883648404287,7,7,7,7,23,block_az0_60_ele70,sector,4,2
183,-2.32667718147189,0.140279883154348,-0.0195794614419725,-2.19648821326982,0.658575867228732,-1.00275817572145,-2.11667155043719,0.256892437410524,-0.87854183529662,7,7,7,7,23,block_az0_60_ele70,sector,4,2
184,-2.3344259307192,0.140984244522678,-0.0233593561420626,-2.20352554739034,0.662112447089272,-1.01191063170176,-2.08115411422792,0.296866352942465,-0.889195761753282,7,7,7,7,23,block_az0_60_ele70,sector,4,2
185,-2.34421550127494,0.144428458349896,-0.0250766094531128,-2.21260370281929,0.668388879408699,-1.01900044629303,-2.1191928913587,0.283819588837369,-0.76286632247895,7,7,7,7,23,block_az0_60_ele70,sector,4,2
186,-2.35384477489539,0.147104682601172,-0.0285796558157651,-2.22152156131295,0.673897322152185,-1.02787605393589,-2.15289916862121,0.310676909226715,-0.472075715119972,7,7,7,7,23,block_az0_60_ele70,sector,4,2
187,-2.36542065218257,0.151449606496996,-0.0324345197484284,-2.23238602347335,0.681074464540219,-1.03710347914877,-2.30488654753209,0.223653623399818,-0.318975698549041,7,7,7,7,23,block_az0_60_ele70,sector,4,2
188,-2.37599914855281,0.152950108907435,-0.034197779338891,-2.2422531047168,0.685407185442868,-1.04423930001945,-2.40377540376236,0.121821379717396,-0.167181153372473,7,7,7,7,23,block_az0_60_ele70,sector,4,2
189,-2.38761316256073,0.152634798275735,-0.0373595995417411,-2.25315570359793,0.687924093303378,-1.05277368150252,-2.49216734881128,0.0109161822570147,-0.0979801962790136,7,7,7,7,23,block_az0_60_ele70,sector,4,2
190,-2.3955099968406,0.153736706177505,-0.0386182092829383,-2.26034112275102,0.691858219697357,-1.05940485252393,-2.58083093370519,-0.0880650680438503,0.15493987240785,7,7,7,7,23,block_az0_60_ele70,sector,4,2
191,-2.39998308548974,0.157482551102123,-0.0428942599884819,-2.26410279627337,0.698436283114185,-1.06905346450969,-2.52254819901966,-0.0681711529927573,0.0781528977161426,7,7,7,7,23,block_az0_60_ele70,sector,4,2
192,-2.40716272663004,0.161020006166568,-0.0419222192710942,-2.27057102228688,0.70480595667084,-1.07345398507252,-2.44949518609894,-0.0866174326225096,0.156017950929056,7,7,7,7,23,block_az0_60_ele70,sector,4,2
193,-2.41492371681619,0.161211769382707,-0.0441097898300599,-2.27762059734624,0.707829938379188,-1.0810141169117,-2.35310419590038,-0.00284831057701102,0.232685706921319,7,7,7,7,23,block_az0_60_ele70,sector,4,2
194,-2.4241201962493,0.162899907060654,-0.0448579985074102,-2.28610566165256,0.712350294549346,-1.08713488686926,-2.25704657590788,0.0562534833550994,0.254943054965729,7,7,7,7,23,block_az0_60_ele70,sector,4,2
195,-2.43515290355281,0.165039208830279,-0.0493775984104851,-2.29642695382929,0.71732181481118,-1.09702704805255,-2.23060884171739,0.110024781366814,0.0500021939515778,7,7,7,7,23,block_az0_60_ele70,sector,4,2
196,-2.4467304887836,0.165417287965986,-0.0492577086919851,-2.30729312393329,0.720532112439097,-1.10227971961427,-2.21057942918479,0.133775668606436,0.107725064975033,7,7,7,7,23,block_az0_60_ele70,sector,4,2
197,-2.45895204105162,0.166259049296064,-0.0527747763239044,-2.31880326107452,0.724206092261385,-1.11116934852641,-2.30817438846786,-0.0133313481631187,0.29040859025368,7,7,7,7,23,block_az0_60_ele70,sector,4,2
198,-2.46919178690282,0.166876064689012,-0.0528746282966819,-2.32833159179893,0.727655326146542,-1.1166417617794,-2.31824949002381,-0.0998785330490707,0.327268122856515,7,7,7,7,23,block_az0_60_ele70,sector,4,2
199,-2.47703460251691,0.168038609553886,-0.055324264499894,-2.33546299228624,0.731650089503626,-1.12446395926283,-2.27935515106319,-0.111098002170866,0.30596537315824,7,7,7,7,23,block_az0_60_ele70,sector,4,2
200,-2.48574512915626,0.167395287971415,-0.0570570126452495,-2.3434621037988,0.733838986413365,-1.1315692686884,-2.34700879041333,-0.208555720790056,0.321178406905367,7,7,7,7,23,block_az0_60_ele70,sector,4,2
201,-2.4990290274809,0.166507449939982,-0.0581119273433308,-2.35603458699666,0.735783366874142,-1.13799674466669,-2.27390648259923,-0.212022614893359,0.295759377097952,7,7,7,7,23,block_az0_60_ele70,sector,4,2
202,-2.50989384061065,0.167002847788624,-0.0592507153738439,-2.36618798499962,0.739110983214993,-1.14450809397742,-2.23422636987903,-0.277086036401832,0.480405953247732,7,7,7,7,23,block_az0_60_ele70,sector,4,2
203,-2.52842884586941,0.169478705959784,-0.0602801402857968,-2.38401157513159,0.744419059878363,-1.15091008016959,-2.21818616166628,-0.2327542819467,0.57754052477705,7,7,7,7,23,block_az0_60_ele70,sector,4,2
204,-2.54090754269191,0.169763863206991,-0.0613796175526683,-2.3957788568273,0.74753643561778,-1.15738211871668,-2.19944068462508,-0.204150372872597,0.720921288678286,7,7,7,7,23,block_az0_60_ele70,sector,4,2
205,-2.54861407601241,0.17002927593488,-0.059714250087079,-2.40277397502102,0.750634066837879,-1.16108931253131,-2.2358701418649,-0.212466857629637,0.888992252112371,7,7,7,7,23,block_az0_60_ele70,sector,4,2
206,-2.56079180698706,0.170512013174665,-0.0607721596515206,-2.41424029086887,0.753949022569873,-1.16751978337596,-2.27127848384,-0.167741232359443,0.704084621217272,7,7,7,7,23,block_az0_60_ele70,sector,4,2
207,-2.56777569385236,0.171368502428672,-0.0604246029201084,-2.42051276260739,0.75763773031609,-1.17254478792477,-2.17989240368507,-0.101096798880719,0.438196718094731,7,7,7,7,23,block_az0_60_ele70,sector,4,2
208,-2.57407419345473,0.172453206067275,-0.0614399154103561,-2.42609984708298,0.761554652446903,-1.17893266169523,-2.23163169265752,-0.111092681732639,0.427083079945801,7,7,7,7,23,block_az0_60_ele70,sector,4,2
209,-2.58813221466518,0.17324809893284,-0.0624864488547746,-2.43944645316664,0.765181763804677,-1.18535175641986,-2.27757879450264,-0.0281663680436452,0.332121089855733,7,7,7,7,23,block_az0_60_ele70,sector,4,2
210,-2.60096078779159,0.175568210508743,-0.0617195529427865,-2.45156361116626,0.77033409387279,-1.18995742178809,-2.31045979147403,0.0120574747958004,0.294924950532874,7,7,7,7,23,block_az0_60_ele70,sector,4,2
211,-2.60837926160117,0.175961541068058,-0.06366620126955,-2.45827066984905,0.773559642924315,-1.19727663139507,-2.40913215982244,-0.106087643530401,0.372370766169742,7,7,7,7,23,block_az0_60_ele70,sector,4,2
212,-2.6169385804725,0.175743150770337,-0.0640576242635905,-2.46611857359359,0.776173471118804,-1.20304061566933,-2.4629946000093,-0.178181583712992,0.293590403082944,7,7,7,7,23,block_az0_60_ele70,sector,4,2
213,-2.62571210048426,0.179008227548793,-0.0661133248036654,-2.47418067847856,0.78227076638947,-1.21046887748962,-2.5397799766725,-0.322688951034468,0.464862552035819,7,7,7,7,23,block_az0_60_ele70,sector,4,2
214,-2.6355673406651,0.179441599338758,-0.0676846759944233,-2.48332450353262,0.785536356671645,-1.21741278996059,-2.61823470023236,-0.395296716790556,0.593942420716938,7,7,7,7,23,block_az0_60_ele70,sector,4,2
215,-2.6518221496081,0.17995933366413,-0.0691272515155582,-2.49886789734883,0.788886309489226,-1.22422792676194,-2.64770369563282,-0.314612145478438,0.318646514338158,7,7,7,7,23,block_az0_60_ele70,sector,4,2
216,-2.66386512684117,0.180611915766399,-0.0673565413937263,-2.51019945945512,0.792371110083705,-1.22782977792033,-2.71485535259365,-0.300362576109748,0.175029766079013,7,7,7,7,23,block_az0_60_ele70,sector,4,2
217,-2.67680707472735,0.181614860376282,-0.0689678226463274,-2.52242999221451,0.796206273185798,-1.23481362045314,-2.72830272487922,-0.315327967596843,-0.0631326777841877,7,7,7,7,23,block_az0_60_ele70,sector,4,2
218,-2.68635034189105,0.181402434903921,-0.0675104758697293,-2.53126184425142,0.798826066205647,-1.23872883495676,-2.75785565422127,-0.263331879567792,-0.297493205682329,7,7,7,7,23,block_az0_60_ele70,sector,4,2
219,-2.69055117137675,0.183164828598822,-0.0699932631397236,-2.53475125861033,0.803420678392757,-1.24658418350697,-2.82427495275374,-0.361460971703356,-0.297668573895731,7,7,7,7,23,block_az0_60_ele70,sector,4,2
220,-2.70508417147771,0.183392067508956,-0.0705811738623709,-2.5485728435845,0.806480135795101,-1.25254465550983,-2.78186051953099,-0.335471593246902,-0.317742573908763,7,7,7,7,23,block_az0_60_ele70,sector,4,2
221,-2.71716825680241,0.186081450053337,-0.0723250166196882,-2.55994551378242,0.812001736831692,-1.25966105954737,-2.73956372431627,-0.324084855510556,-0.124891970992752,7,7,7,7,23,block_az0_60_ele70,sector,4,2
222,-2.73244798595333,0.187148217957963,-0.0718999940957134,-2.57451382780655,0.815900723228527,-1.26460859830361,-2.78994896095637,-0.363815380508587,-0.0412875195467757,7,7,7,7,23,block_az0_60_ele70,sector,4,2
223,-2.74893205496784,0.186886592773853,-0.0699436921831799,-2.59028648169427,0.818471316536628,-1.26802485767129,-2.81557618780947,-0.380914083632641,0.242678929574877,7,7,7,7,23,block_az0_60_ele70,sector,4,2
224,-2.75900304297362,0.189465026468088,-0.0683004597442208,-2.59964605457326,0.823881968723072,-1.27175418651255,-2.91121365925885,-0.333655300948116,0.287977098211434,7,7,7,7,23,block_az0_60_ele70,sector,4,2
225,-2.76646647233306,0.190709376745964,-0.069212014995326,-2.60639806880591,0.827958537493158,-1.27803830304387,-2.98952207509979,-0.31650107026767,0.444530842682984,7,7,7,7,23,block_az0_60_ele70,sector,4,2
226,-2.77924942343548,0.191152237656923,-0.0742119809194761,-2.61846960478155,0.831233616896327,-1.28841083024823,-2.99877312158634,-0.362819479356562,0.354695708143835,7,7,7,7,23,block_az0_60_ele70,sector,4,2
227,-2.7887444298434,0.191873473628212,-0.0750802516240944,-2.62725319606269,0.834787071359825,-1.29465166223307,-3.03752253789729,-0.410208174114355,0.31553514372675,7,7,7,7,23,block_az0_60_ele70,sector,4,2
228,-2.79393484303048,0.193859630556752,-0.077344451143134,-2.63173219412298,0.839605446780575,-1.30228842303232,-3.05165461533074,-0.373560418296945,0.328131651934222,7,7,7,7,23,block_az0_60_ele70,sector,4,2
229,-2.80096870286983,0.196704416551988,-0.0799071722607161,-2.63805463883554,0.845282451268021,-1.31022370543012,-3.00018799177227,-0.335021731958054,-0.0486979004673107,7,7,7,7,23,block_az0_60_ele70,sector,4,2
230,-2.81022292174721,0.197253932338958,-0.0810853022321774,-2.64659744258613,0.848664185547201,-1.3167743966818,-2.95882588113049,-0.26627120030516,-0.195443562586634,7,7,7,7,23,block_az0_60_ele70,sector,4,2
231,-2.83011995920683,0.197869431362973,-0.0799124209514751,-2.66578306491896,0.852111903063425,-1.32097407668131,-2.94260144002242,-0.23258120918301,-0.242432142941698,7,7,7,7,23,block_az0_60_ele70,sector,4,2
232,-2.84028536199097,0.198127345588462,-0.0805180947865464,-2.67523705257632,0.855202035781123,-1.3269523117966,-2.98905880634865,-0.258062984741141,-0.154149746649963,7,7,7,7,23,block_az0_60_ele70,sector,4,2
233,-2.84853943858569,0.198736546395824,-0.0835452841546341,-2.68277971404425,0.858643455080696,-1.3353520624449,-2.91830456282724,-0.227909986457524,-0.0197892683807401,7,7,7,7,23,block_az0_60_ele70,sector,4,2
234,-2.85888010220201,0.199879819052788,-0.0839713252672328,-2.69240896253378,0.86261894622987,-1.34115066483772,-2.93239094534505,-0.296566743886677,0.209979910954621,7,7,7,7,23,block_az0_60_ele70,sector,4,2
235,-2.87299284800779,0.199200164899129,-0.0848283479616133,-2.70581029321277,0.86477151056842,-1.34738024881231,-3.06433337821054,-0.371064988851913,0.325249327957259,7,7,7,7,23,block_az0_60_ele70,sector,4,2
236,-2.88841872053825,0.197322222485819,-0.0857851995485924,-2.72052475061645,0.865725786647319,-1.35370966167951,-3.11488530656118,-0.409138768503805,0.690773312854753,7,7,7,7,23,block_az0_60_ele70,sector,4,2
237,-2.89880167345936,0.19899955365961,-0.0860782950392285,-2.73019628841077,0.87023533631332,-1.35937531845036,-3.16931220044399,-0.446802350266217,0.905046602175725,7,7,7,7,23,block_az0_60_ele70,sector,4,2
238,-2.90861034924194,0.202269154544501,-0.0875387362434713,-2.73929354906656,0.876337155690421,-1.36620832093482,-3.1161627581571,-0.387741218434283,1.0676353249542,7,7,7,7,23,block_az0_60_ele70,sector,4,2
239,-2.9146547341011,0.205064004956098,-0.0884009993841818,-2.74462651879894,0.881964224594228,-1.37244314535574,-3.17865364199916,-0.36646881664661,0.924231297051758,7,7,7,7,23,block_az0_60_ele70,sector,4,2
240,-2.92471729269619,0.204570361395245,-0.0893892622007778,-2.75397766226724,0.884302799525585,-1.37880396945256,-3.22076580994235,-0.314356093460845,0.585577959599684,7,7,7,7,23,block_az0_60_ele70,sector,4,2
241,-2.94277233555068,0.204504689946751,-0.0917585867475223,-2.77132128999494,0.8870693465693,-1.38654585527952,-3.29591293566974,-0.279269937358115,0.257618430333274,7,7,7,7,23,block_az0_60_ele70,sector,4,2
242,-2.9543029827171,0.207515896965365,-0.0929873756118662,-2.78214052203457,0.892912772080125,-1.39314720542408,-3.32578789496046,-0.30690477915043,0.0210023421841072,7,7,7,7,23,block_az0_60_ele70,sector,4,2
243,-2.96272025583929,0.207781943109481,-0.0923045273744549,-2.78984638002997,0.89601103671645,-1.39783691846688,-3.3964867628141,-0.405114208317183,0.245135670658291,7,7,7,7,23,block_az0_60_ele70,sector,4,2
244,-2.97127365256533,0.208721904160972,-0.0941608689356407,-2.79768836162923,0.899783216260151,-1.40506582130828,-3.34112470014494,-0.387875162411431,0.128369232493393,7,7,7,7,23,block_az0_60_ele70,sector,4,2
245,-2.98199854523301,0.20999540137569,-0.0964922176249996,-2.80770183917012,0.903888931967079,-1.41276973127786,-3.23317844157958,-0.292101987438395,0.117339207970148,7,7,7,7,23,block_az0_60_ele70,sector,4,2
246,-2.99773240560178,0.211047302087737,-0.0970721529458766,-2.8227242844121,0.907773051171335,-1.41872222787895,-3.20130148037806,-0.300146560386318,0.228914924473332,7,7,7,7,23,block_az0_60_ele70,sector,4,2
247,-3.01399838809649,0.213384994989333,-0.0976167757365182,-2.83827885178003,0.912942962565141,-1.42463941194981,-3.25949710221727,-0.42017667290936,0.487258188286116,7,7,7,7,23,block_az0_60_ele70,sector,4,2
248,-3.03066983982071,0.214190338509478,-0.098481548409858,-2.85423888837746,0.916580524577496,-1.43087674590336,-3.29706543009361,-0.342574776412896,0.3811182320467,7,7,7,7,23,block_az0_60_ele70,sector,4,2
249,-3.04761586258165,0.214060287028719,-0.095952423753354,-2.87047349601162,0.919282691588947,-1.43372018252707,-3.14765935965379,-0.23928805001949,0.269054540673944,7,7,7,7,23,block_az0_60_ele70,sector,4,2
250,-3.05869058059722,0.218421529999947,-0.0963507855366659,-2.88083679890039,0.926476153052385,-1.4394911055906,-3.07444094952132,-0.0685680395259086,-0.121735079781221,7,7,7,7,23,block_az0_60_ele70,sector,4,2
251,-3.07479712402552,0.217887215176225,-0.0977639074732384,-2.89623192720191,0.928774056720872,-1.44627678880739,-3.082051547095,0.095413317192465,-0.424367858943655,7,7,7,7,23,block_az0_60_ele70,sector,4,2
252,-3.08858207395046,0.218183088861307,-0.0991316866273209,-2.90930546200006,0.931902148898164,-1.45301712924169,-3.14059996893071,0.0342706904320469,-0.454876004835335,7,7,7,7,23,block_az0_60_ele70,sector,4,2
253,-3.10357838672021,0.221196135295944,-0.100932338795988,-2.92359035964302,0.937747413825011,-1.46019034269057,-3.11976161867323,0.00739083533452803,-0.415227030526361,7,7,7,7,23,block_az0_60_ele70,sector,4,2
254,-3.11365866597815,0.223745139211192,-0.102846402266587,-2.93295922377418,0.943128636232469,-1.46747696744139,-3.08175396250627,0.037066009237449,-0.589792534386367,7,7,7,7,23,block_az0_60_ele70,sector,4,2
255,-3.12547093819041,0.2244022117355,-0.103993714668333,-2.94406008085965,0.946617927248986,-1.47399684112335,-3.19501178212526,-0.118074415844418,-0.381879850018147,7,7,7,7,23,block_az0_60_ele70,sector,4,2
256,-3.13177259029068,0.225393150378231,-0.105728042915555,-2.94965031783314,0.950441084383927,-1.48110373065079,-3.26994554170273,-0.183088939119617,-0.136981054918367,7,7,7,7,23,block_az0_60_ele70,sector,4,2
257,-3.1430260739375,0.226302640745525,-0.109007684479944,-2.96019238635316,0.95418279324343,-1.48975593349539,-3.36842606779262,-0.302028085381389,0.207693246269428,7,7,7,7,23,block_az0_60_ele70,sector,4,2
258,-3.15620777138837,0.228528983679591,-0.110191922228598,-2.97266266867725,0.959241354669707,-1.49631273252426,-3.39260355453314,-0.375943054482334,0.471095481238907,7,7,7,7,23,block_az0_60_ele70,sector,4,2
259,-3.16709532492725,0.229454946335663,-0.113121762781258,-2.98283880708934,0.962999535817988,-1.50461513435714,-3.41364485094726,-0.345096549770572,0.414218931279098,7,7,7,7,23,block_az0_60_ele70,sector,4,2
260,-3.1842809527741,0.230182580773544,-0.111736345936669,-2.9993130198094,0.966559388748079,-1.50860227879276,-3.52337850791051,-0.409643475016524,0.72080908451208,7,7,7,7,23,block_az0_60_ele70,sector,4,2
261,-3.20142537841741,0.231275352394976,-0.109649870180775,-3.01574603032593,0.970484378861721,-1.51188836431708,-3.56846202984791,-0.419208170946293,0.767326406857828,7,7,7,7,23,block_az0_60_ele70,sector,4,2
262,-3.21707658567536,0.230015617562733,-0.107345817897953,-3.03068582245708,0.972056862521687,-1.51495687331448,-3.62143169387979,-0.385276646395676,0.6189851247547,7,7,7,7,23,block_az0_60_ele70,sector,4,2
263,-3.23328164838068,0.23165574687056,-0.108285712513755,-3.04617947003563,0.976529210321724,-1.5212693292105,-3.4639970564243,-0.2368492784817,0.344393132537146,7,7,7,7,23,block_az0_60_ele70,sector,4,2
264,-3.24850159549995,0.233725639008763,-0.107861864241308,-3.06068800202811,0.981431320952137,-1.52621804221826,-3.48414267932658,-0.247758111567921,0.160977281826652,7,7,7,7,23,block_az0_60_ele70,sector,4,2
265,-3.26410158140605,0.235848279944091,-0.108074242262282,-3.07557657280741,0.986386180379675,-1.53180298151945,-3.48957929985224,-0.33348612794578,0.291851889563458,7,7,7,7,23,block_az0_60_ele70,sector,4,2
266,-3.27127294131228,0.237597815523802,-0.109751063651794,-3.08203651758686,0.990967934451595,-1.53885236418918,-3.39619994279188,-0.324208796886903,0.113140570124622,7,7,7,7,23,block_az0_60_ele70,sector,4,2
267,-3.27861329697066,0.240246257577845,-0.112112920008544,-3.08866545811845,0.996448594997848,-1.54658678182615,-3.3161717845681,-0.279804218083238,0.0512909202501134,7,7,7,7,23,block_az0_60_ele70,sector,4,2
268,-3.2898837727188,0.241344478194817,-0.112016510840555,-3.09922451873981,1.00037903410703,-1.55186293393837,-3.29461062876367,-0.202309405238861,0.0895623435813788,7,7,7,7,23,block_az0_60_ele70,sector,4,2
269,-3.30372931206286,0.240181499125361,-0.111280082082422,-3.11235864295708,1.00204827352978,-1.55649906646046,-3.26730790999963,-0.183299763538096,-0.00751159443849671,7,7,7,7,23,block_az0_60_ele70,sector,4,2
270,-3.32246122328537,0.242557932063175,-0.109982974038964,-3.1303791390528,1.00725692495981,-1.56057451969721,-3.33246751106404,-0.145537241973439,-0.187042225014849,7,7,7,7,23,block_az0_60_ele70,sector,4,2
271,-3.33344188513468,0.242344067122,-0.110721929644828,-3.14064838577532,1.00987527851084,-1.56668603658329,-3.37597445411859,-0.101144778781189,-0.374504324250094,7,7,7,7,23,block_az0_60_ele70,sector,4,2
272,-3.34140524318273,0.243302662272787,-0.112573845384915,-3.14790032869659,1.01366609215384,-1.5739105136036,-3.36741898522646,-0.114352586777311,-0.154740963136154,7,7,7,7,23,block_az0_60_ele70,sector,4,2
273,-3.35190675775914,0.24545401541203,-0.113803585562541,-3.15769042814621,1.01864966378529,-1.58051281506144,-3.44267248159627,-0.144587470610032,-0.0638648125932771,7,7,7,7,23,block_az0_60_ele70,sector,4,2
274,-3.37125347482801,0.248323034271556,-0.115508634085593,-3.17632573008829,1.02435090113703,-1.58759042486471,-3.45678904930736,-0.176542813248815,0.0252403507971363,7,7,7,7,23,block_az0_60_ele70,sector,4,2
275,-3.38415824343268,0.251405893136749,-0.119675569168049,-3.18851908356618,1.03026597849443,-1.59712992122738,-3.50830128735703,-0.117195157712501,0.0445698548828423,7,7,7,7,23,block_az0_60_ele70,sector,4,2
276,-3.40358742579923,0.25275844520922,-0.120191723675425,-3.20723685080594,1.03445074905911,-1.60301863701497,-3.5898858637866,-0.222681788235108,0.369245953116906,7,7,7,7,23,block_az0_60_ele70,sector,4,2
277,-3.41584084067774,0.253866553362754,-0.12167094221548,-3.21877885055766,1.03839107570485,-1.60987041683524,-3.69285200883565,-0.35828425304093,0.632927449693429,7,7,7,7,23,block_az0_60_ele70,sector,4,2
278,-3.42496638209019,0.255333371381185,-0.122115220403203,-3.22719297684332,1.0426901122155,-1.61568725630318,-3.75445159558415,-0.404206765628031,0.518976985322988,7,7,7,7,23,block_az0_60_ele70,sector,4,2
279,-3.4334221379841,0.258371793309155,-0.124761634968655,-3.23493731761045,1.04856075263567,-1.62370623214885,-3.69647508613747,-0.383330860364415,0.365084126460514,7,7,7,7,23,block_az0_60_ele70,sector,4,2
280,-3.43810235080251,0.26071103769676,-0.124284851114784,-3.23890611530207,1.05373221551549,-1.62860200957519,-3.66311982079706,-0.377320931750977,0.334621202242176,7,7,7,7,23,block_az0_60_ele70,sector,4,2
281,-3.44670313519483,0.261266257977649,-0.126273393146383,-3.2467954845676,1.05711965428859,-1.63596311288701,-3.68091667184874,-0.37264362789726,0.394219359004843,7,7,7,7,23,block_az0_60_ele70,sector,4,2
282,-3.45803044719996,0.26441053584025,-0.128459206019593,-3.25741138144594,1.0630961506434,-1.64352148704043,-3.72880871362785,-0.397326735604246,0.254644100836777,7,7,7,7,23,block_az0_60_ele70,sector,4,2
283,-3.47517159920042,0.266559367991481,-0.130437252392907,-3.27384111831961,1.06807720128684,-1.65087209469396,-3.78127671985761,-0.39653529338065,0.164162333757256,7,7,7,7,23,block_az0_60_ele70,sector,4,2
284,-3.48385376775487,0.267593526035295,-0.134150292592214,-3.28181187174728,1.07194357782286,-1.65995769617348,-3.81946752159068,-0.448044449331889,0.268295469473109,7,7,7,7,23,block_az0_60_ele70,sector,4,2
285,-3.49397506155237,0.271011733659323,-0.13251112674003,-3.29122175041799,1.0781940039391,-1.66369109160152,-3.76412049561713,-0.411182191755904,0.280461138413794,7,7,7,7,23,block_az0_60_ele70,sector,4,2
286,-3.50675988738238,0.269909595922251,-0.135069222889305,-3.30329516112121,1.07992408469424,-1.67162174903101,-3.73511410816092,-0.403265353447041,0.243763504942791,7,7,7,7,23,block_az0_60_ele70,sector,4,2
287,-3.51108486743713,0.271396193969136,-0.13874025183891,-3.30690872604918,1.08424290123333,-1.68066533926083,-3.72272930909038,-0.431809082065527,0.301130904287435,7,7,7,7,23,block_az0_60_ele70,sector,4,2
288,-3.52108285126803,0.272584006830032,-0.139743439017512,-3.31619529475329,1.08826293258644,-1.68704108771965,-3.67310600861683,-0.368359082838799,0.283212255341101,7,7,7,7,23,block_az0_60_ele70,sector,4,2
289,-3.53915453866815,0.274061392563801,-0.141294384208205,-3.33355556702663,1.09257253681242,-1.69396459419055,-3.79547743884446,-0.318811932877875,0.342354890978564,7,7,7,7,23,block_az0_60_ele70,sector,4,2
290,-3.55540473907812,0.276004971666935,-0.143523532421282,-3.3490943523098,1.09734833440776,-1.70156630368385,-3.82241358264987,-0.19577087060658,0.209102355714779,7,7,7,7,23,block_az0_60_ele70,sector,4,2
291,-3.57248290557548,0.276128056969395,-0.144158323516853,-3.36546110368038,1.10030363820243,-1.70757365605963,-3.85073438369235,-0.161049870848382,0.0515197126840061,7,7,7,7,23,block_az0_60_ele70,sector,4,2
292,-3.58876159109785,0.276551804941145,-0.145280449211883,-3.38102837407596,1.10355960466639,-1.71406834303488,-3.84608148877366,-0.164375142781026,0.0105841561335804,7,7,7,7,23,block_az0_60_ele70,sector,4,2
293,-3.59668197668444,0.278935118681274,-0.148312020338966,-3.38823734453577,1.10877513689873,-1.72247247544218,-3.88778999507626,-0.215604999444454,0.152493973496513,7,7,7,7,23,block_az0_60_ele70,sector,4,2
294,-3.6091147093021,0.278826823852752,-0.150848551307671,-3.39995866202664,1.11149906056242,-1.7303815676911,-3.85828084336949,-0.302864716384508,0.504369862353213,7,7,7,7,23,block_az0_60_ele70,sector,4,2
295,-3.62639004516056,0.278997633958232,-0.154260575837308,-3.41652258275831,1.11450208916011,-1.73916615350095,-3.89032474851758,-0.350323541929403,0.749984110677533,7,7,7,7,23,block_az0_60_ele70,sector,4,2
296,-3.6436745243297,0.284150749347071,-0.157838244146226,-3.43309564680066,1.12248742304116,-1.74811638309009,-4.00616812254077,-0.41965850659633,0.695596094173163,7,7,7,7,23,block_az0_60_ele70,sector,4,2
297,-3.65550576692496,0.285519259917324,-0.159992764939148,-3.44421547426914,1.12668815210362,-1.75564346516322,-3.97859386232473,-0.409379198338638,0.724732518361255,7,7,7,7,23,block_az0_60_ele70,sector,4,2
298,-3.67245496688687,0.288680777327422,-0.162030164725783,-3.46045325910426,1.13268188800593,-1.76305342623007,-4.02488437403281,-0.399106016926756,0.59628107362326,7,7,7,7,23,block_az0_60_ele70,sector,4,2
299,-3.6826968204049,0.289375989907641,-0.161711562391833,-3.46998369749549,1.13620931907836,-1.76810738517634,-3.90502999327403,-0.298319726211447,0.48848825753151,7,7,7,7,23,block_az0_60_ele70,sector,4,2
300,-3.69200330903869,0.289656466093814,-0.16486182595806,-3.4785787710025,1.13932201375674,-1.77663021002278,-3.88201639231116,-0.257715184305934,0.428102977808528,7,7,7,7,23,block_az0_60_ele70,sector,4,2
301,-3.69850819721884,0.291565533883031,-0.167476682276565,-3.48437224405587,1.14406330003817,-1.7846176276215,-3.85940923144317,-0.167648637733219,0.160606454679708,7,7,7,7,23,block_az0_60_ele70,sector,4,2
302,-3.7117578559035,0.292484249364932,-0.171793327319882,-3.49691048761374,1.14781423401228,-1.79430683394504,-3.83488681808809,-0.156339281500763,0.0812164333281641,7,7,7,7,23,block_az0_60_ele70,sector,4,2
303,-3.72185822088634,0.294788275472879,-0.173269704892003,-3.50629943746979,1.15295047861243,-1.80115577279737,-3.77282141934569,-0.120920012131729,0.0452634435195864,7,7,7,7,23,block_az0_60_ele70,sector,4,2
304,-3.7322308356651,0.297566980422492,-0.175321631072355,-3.51596063712177,1.15856140205426,-1.80858026025794,-3.79253596802842,-0.147734239010524,0.312729961474125,7,7,7,7,23,block_az0_60_ele70,sector,4,2
305,-3.73908088454575,0.299727172794349,-0.178151542515639,-3.52209927087563,1.16355381291832,-1.81678273298144,-3.74052176380526,-0.124854199037477,0.276205419518038,7,7,7,7,23,block_az0_60_ele70,sector,4,2
306,-3.74697509233891,0.300306396203608,-0.178924838808146,-3.529282063542,1.16696525481979,-1.82292859055416,-3.66508087923881,-0.0404883378865998,0.359559607549442,7,7,7,7,23,block_az0_60_ele70,sector,4,2
307,-3.75587009626848,0.301882964994921,-0.179404535139453,-3.53746565234478,1.17137404210331,-1.82878084816569,-3.68987784417728,-0.0150564085607267,0.250125204061947,7,7,7,7,23,block_az0_60_ele70,sector,4,2
308,-3.76605163116571,0.302843212097066,-0.181804888807916,-3.54693577211522,1.17516650769767,-1.83655376311437,-3.68708661409275,-0.0111354933738698,0.0557737002132581,7,7,7,7,23,block_az0_60_ele70,sector,4,2
309,-3.77319719207888,0.304799860784972,-0.183818945637357,-3.55336991790161,1.17995537487778,-1.84394038122402,-3.626279453313,0.0749611815081625,-0.278569633648729,7,7,7,7,23,block_az0_60_ele70,sector,4,2
310,-3.78319432880779,0.305637973865705,-0.184017143348555,-3.56265563950373,1.18362570645073,-1.84951114021544,-3.64531589002608,0.0285989072328042,-0.176039485162355,7,7,7,7,23,block_az0_60_ele70,sector,4,2
311,-3.78991302499588,0.306389448780827,-0.183733123842328,-3.56866292056503,1.18720939985806,-1.85459968198942,-3.68200789856949,-0.0562553891172228,-0.0777371450698054,7,7,7,7,23,block_az0_60_ele70,sector,4,2
312,-3.80011315288107,0.306516642017469,-0.184176782787449,-3.57815163332344,1.19016881158691,-1.86041590221476,-3.73392947634489,-0.0859765088597358,-0.0145366383583078,7,7,7,7,23,block_az0_60_ele70,sector,4,2
313,-3.80194875298914,0.308316469705214,-0.185822017421285,-3.57927581830472,1.19480085776687,-1.86743369812881,-3.89755140306086,-0.229588077987826,0.15245050043536,7,7,7,7,23,block_az0_60_ele70,sector,4,2
314,-3.80421523593472,0.310228750160824,-0.189994135770592,-3.58083088612351,1.19954535671469,-1.87697837775833,-3.89084028419737,-0.184213539518144,0.0163074736877913,7,7,7,7,23,block_az0_60_ele70,sector,4,2
315,-3.80885701438066,0.313277395198005,-0.189266015078316,-3.58476124944266,1.20542622024408,-1.88162281834628,-3.86806176259628,-0.265144552223732,0.295924953196088,7,7,7,7,23,block_az0_60_ele70,sector,4,2
316,-3.81752716745808,0.314719666542543,-0.191827777336301,-3.5927199873933,1.20970071008082,-1.88955714188448,-3.96328454536825,-0.342225119701602,0.470112113103328,7,7,7,7,23,block_az0_60_ele70,sector,4,2
317,-3.82632593703798,0.315902060772873,-0.194256187769151,-3.60080734184641,1.21371532280336,-1.89735811359754,-4.11008487709085,-0.495367713065833,0.800304717907435,7,7,7,7,23,block_az0_60_ele70,sector,4,2
318,-3.83308199975723,0.317354048262233,-0.197821647867854,-3.60685198943887,1.21799952878493,-1.90629613497646,-4.18350575920405,-0.474283355210058,0.894500839132976,7,7,7,7,23,block_az0_60_ele70,sector,4,2
319,-3.84419804531538,0.317544971260644,-0.199633160117641,-3.61725661987024,1.22102267027555,-1.91348020850646,-4.24828228018372,-0.411415546041771,0.716837456046318,7,7,7,7,23,block_az0_60_ele70,sector,4,2
320,-3.85791696910647,0.319108704121728,-0.202935601567064,-3.63026412853454,1.22541862162885,-1.9221552112361,-4.29667535936656,-0.37855391553893,0.653810726820215,7,7,7,7,23,block_az0_60_ele70,sector,4,2
321,-3.87050916149158,0.320882298511069,-0.205734380085807,-3.64214490579285,1.2300244345104,-1.93032655103506,-4.36527583400298,-0.389500007944156,0.699614351543121,7,7,7,7,23,block_az0_60_ele70,sector,4,2
322,-3.88419211408509,0.322323348261906,-0.20802475621624,-3.65511644325958,1.23429770275345,-1.93798948844571,-4.32847172402342,-0.244857629253138,0.39344646538727,7,7,7,7,23,block_az0_60_ele70,sector,4,2
323,-3.89532138348185,0.322936234396219,-0.211818167866058,-3.66553429752956,1.23774280737997,-1.94715546137574,-4.23249135250756,-0.204361228372594,0.394875777573924,7,7,7,7,23,block_az0_60_ele70,sector,4,2
324,-3.90239952599421,0.323641101332173,-0.21376326448761,-3.67190102491512,1.24127989280813,-1.95447311927751,-4.06328461772256,-0.114617170956187,0.142978242188188,7,7,7,7,23,block_az0_60_ele70,sector,4,2
325,-3.91527234049621,0.323672871133398,-0.216495391438815,-3.68406242429034,1.24414388110157,-1.96257780750893,-4.06812564187307,-0.113705166793555,0.208038823640716,7,7,7,7,23,block_az0_60_ele70,sector,4,2
326,-3.92569098077608,0.324079638632967,-0.219864996084699,-3.69376964944342,1.24738286709335,-1.97131997343503,-4.01839674528255,-0.145324353414594,0.544313659860043,7,7,7,7,23,block_az0_60_ele70,sector,4,2
327,-3.93788137447298,0.326006532532164,-0.21953885376052,-3.70524862801354,1.25214197948475,-1.97636639239107,-4.03511792170506,-0.182479364963631,0.891170560812173,7,7,7,7,23,block_az0_60_ele70,sector,4,2
328,-3.9474424494871,0.326143525753683,-0.222243822038231,-3.71409828790087,1.25511119119848,-1.98444392194899,-4.03604159288143,-0.218127537211617,0.984795673372491,7,7,7,7,23,block_az0_60_ele70,sector,4,2
329,-3.95741977343042,0.325359939918784,-0.222476756459391,-3.7233641967174,1.25715982385579,-1.99004941765037,-4.05251390954106,-0.139669699278374,0.78311991538713,7,7,7,7,23,block_az0_60_ele70,sector,4,2
330,-3.96410257559159,0.32670204320358,-0.225543174907595,-3.72933558375178,1.2613341456328,-1.99848839737879,-4.18822865199097,-0.120046343263364,0.678705936564619,7,7,7,7,23,block_az0_60_ele70,sector,4,2
331,-3.97284161900402,0.328240707000419,-0.230540613749152,-3.73736321203742,1.26570502792185,-2.00885839750056,-4.23691016983054,-0.0671170625212836,0.571350501397097,7,7,7,7,23,block_az0_60_ele70,sector,4,2
332,-3.98076784407985,0.330247690220995,-0.233234250722436,-3.74457802198647,1.27054422963463,-2.01692459575406,-4.24361452399667,0.0821735132990789,0.282530391605421,7,7,7,7,23,block_az0_60_ele70,sector,4,2
333,-3.98737561532314,0.332047628385211,-0.236587332689061,-3.75047437810297,1.27517638629106,-2.0256502390009,-4.29113091162293,0.129065543931186,0.181504698571753,7,7,7,7,23,block_az0_60_ele70,sector,4,2
334,-3.99490492723679,0.33416507190958,-0.239133339930718,-3.75729227488984,1.28012604830764,-2.03356880752278,-4.30795024855389,0.191700967105808,0.0366665576333279,7,7,7,7,23,block_az0_60_ele70,sector,4,2
335,-4.00084886927063,0.336236143260384,-0.243750860673929,-3.76252480179689,1.28502933815065,-2.0435588895462,-4.45023302655146,0.0614255535215862,0.095093904560257,7,7,7,7,23,block_az0_60_ele70,sector,4,2
336,-4.01022219569509,0.339605683347009,-0.248059680556218,-3.77118671309456,1.29123109672948,-2.05324027070871,-4.36740786042983,0.0835761323819189,-0.0078011528583547,7,7,7,7,23,block_az0_60_ele70,sector,4,2
337,-4.02232997043198,0.341725745821533,-0.253146275469618,-3.78258307270466,1.29618337769622,-2.06369942690232,-4.41513747025767,0.0103269115028929,0.0127324750599825,7,7,7,7,23,block_az0_60_ele70,sector,4,2
338,-4.02391428685645,0.343137428074525,-0.257305764641451,-3.78345597400234,1.30042727844142,-2.07323147735437,-4.45448533597187,-0.00229114199208061,0.121528264813713,7,7,7,7,23,block_az0_60_ele70,sector,4,2
339,-4.02699088059405,0.343262055804735,-0.261109993821687,-3.78582115261316,1.30338412466384,-2.08240826781482,-4.40093273730137,-0.00275033534213065,0.236077231705448,7,7,7,7,23,block_az0_60_ele70,sector,4,2
340,-4.03190088504224,0.344558736560051,-0.263995305801244,-3.79001974193456,1.30751302391137,-2.0906661410746,-4.33481031723854,-0.0533235343676004,0.327334595335787,7,7,7,7,23,block_az0_60_ele70,sector,4,2
341,-4.04324549251753,0.346325479538778,-0.267155457470714,-3.80065293428306,1.3121119853823,-2.09919885402428,-4.3059896055521,-0.109762571259206,0.380034501766883,7,7,7,7,23,block_az0_60_ele70,sector,4,2
342,-4.05398048706403,0.348004370365058,-0.267871366325562,-3.81067651370277,1.31662309470079,-2.10528732415935,-4.28028652478553,-0.169431353821302,0.683754810308782,7,7,7,7,23,block_az0_60_ele70,sector,4,2
343,-4.0702527337896,0.346530932312005,-0.267500766062878,-3.82623734530156,1.31798187513995,-2.11028928517688,-4.25045525703015,-0.193349039181869,0.875056917666905,7,7,7,7,23,block_az0_60_ele70,sector,4,2
344,-4.07614386399133,0.348465679302368,-0.268863543292287,-3.8314170603765,1.32274884062252,-2.1170246236865,-4.32791755049888,-0.221553071952104,0.822171569619531,7,7,7,7,23,block_az0_60_ele70,sector,4,2
345,-4.08556084557365,0.349553455476007,-0.269866812781816,-3.84012262683203,1.32666883528837,-2.12340045445625,-4.3031233013572,-0.151409461603382,0.692127440432298,7,7,7,7,23,block_az0_60_ele70,sector,4,2
346,-4.09466690247693,0.350726347496306,-0.271156710988314,-3.84851726860853,1.33067394580088,-2.13006291394296,-4.3197075810603,-0.126660130009424,0.6429542687243,7,7,7,7,23,block_az0_60_ele70,sector,4,2
347,-4.10818805753653,0.35078779515769,-0.273625264408412,-3.86132700854134,1.33356761195447,-2.13790402864327,-4.41636555958632,-0.142551903952912,0.57337306424551,7,7,7,7,23,block_az0_60_ele70,sector,4,2
348,-4.11793355481289,0.351774116160671,-0.277030008111139,-3.87036109069091,1.33738615144966,-2.14668133362622,-4.38003632952667,-0.0855483507874204,0.486480111734818,7,7,7,7,23,block_az0_60_ele70,sector,4,2
349,-4.12283099673731,0.354776386286161,-0.279966938558941,-3.87454711748855,1.34322064006736,-2.15499082535423,-4.4108645143107,-0.116359003275793,0.454965007775328,7,7,7,7,23,block_az0_60_ele70,sector,4,2
350,-4.13510696733335,0.354386552175673,-0.280702404829351,-3.88611167295779,1.34566302444909,-2.16109885290486,-4.43623581547361,-0.161628828942513,0.513443903852193,7,7,7,7,23,block_az0_60_ele70,sector,4,2
351,-4.14299655421632,0.357350491864756,-0.281491222421998,-3.89328984471398,1.35145918263038,-2.16726023177772,-4.48422086365309,-0.143244520526517,0.363704225966955,7,7,7,7,23,block_az0_60_ele70,sector,4,2
352,-4.15152702625351,0.359445063600592,-0.28330837498993,-3.90110890162438,1.35638597285842,-2.17444994562587,-4.4932220072958,-0.213841955017696,0.486060770219555,7,7,7,7,23,block_az0_60_ele70,sector,4,2
353,-4.15889022389621,0.361124277024552,-0.287296387417456,-3.9077606841403,1.36089740477459,-2.18381051933361,-4.47924518014426,-0.255529767140853,0.625113854569639,7,7,7,7,23,block_az0_60_ele70,sector,4,2
354,-4.16317737255219,0.360780709451747,-0.287546159989471,-3.91133641766949,1.363386055694,-2.18943285318584,-4.49960367409736,-0.293661627470319,0.638946402222667,7,7,7,7,23,block_az0_60_ele70,sector,4,2
355,-4.16838151876666,0.36182880031933,-0.288944063961798,-3.91582914875717,1.36726636505379,-2.19620331843839,-4.45199586814742,-0.268477917372056,0.609962628159879,7,7,7,7,23,block_az0_60_ele70,sector,4,2
356,-4.17707753083885,0.364110330644105,-0.290521138631351,-3.92381374570258,1.37238011387078,-2.20315295438816,-4.39478897312401,-0.265848328749558,0.512292514666582,7,7,7,7,23,block_az0_60_ele70,sector,4,2
357,-4.18695970382955,0.36597427387094,-0.294638188448163,-3.93298450356648,1.37707627558982,-2.21264256548518,-4.2954178772159,-0.111205679452192,0.47181325158158,7,7,7,7,23,block_az0_60_ele70,sector,4,2
358,-4.19425791565459,0.366517974238532,-0.294471134455614,-3.93957130026474,1.38045219444962,-2.21784807277285,-4.32254820336926,-0.2366387607139,0.391398235317657,7,7,7,7,23,block_az0_60_ele70,sector,4,2
359,-4.20113964210955,0.368757127916648,-0.295470568358726,-3.94574161159291,1.38552356661995,-2.22422006795618,-4.31288806999151,-0.214910465215769,0.610061821953276,7,7,7,7,23,block_az0_60_ele70,sector,4,2
360,-4.20561000118249,0.371047795783185,-0.296850045761245,-3.94950055553906,1.39064645297869,-2.23097210663891,-4.26683407681478,-0.168198136461795,0.561655793505728,7,7,7,7,23,block_az0_60_ele70,sector,4,2
361,-4.20866046910802,0.373646007246415,-0.300045928576904,-3.95183960833781,1.39607688293413,-2.23954055073479,-4.2711100431613,-0.243418366984265,0.778041890721334,7,7,7,7,23,block_az0_60_ele70,sector,4,2
362,-4.21175778238002,0.374884695328907,-0.303595461745706,-3.95422550648302,1.40014778950884,-2.2484626451838,-4.25350892329921,-0.306779286501125,0.820373967544782,7,7,7,7,23,block_az0_60_ele70,sector,4,2
363,-4.21919011821457,0.376869949880065,-0.304815864165519,-3.96094642719078,1.4049652625522,-2.25505560888383,-4.2652844612273,-0.343496392427794,0.812428709780392,7,7,7,7,23,block_az0_60_ele70,sector,4,2
364,-4.22408229632773,0.379398640627265,-0.306678105244953,-3.96512719017716,1.41032617179161,-2.26229041124348,-4.30982325201501,-0.367721293822034,0.876003256690137,7,7,7,7,23,block_az0_60_ele70,sector,4,2
365,-4.23528825848449,0.379151665415626,-0.308507887069107,-3.97562173720712,1.41291141507218,-2.26949275434785,-4.2974286470303,-0.367102755389888,1.1004780485563,7,7,7,7,23,block_az0_60_ele70,sector,4,2
366,-4.24606603813194,0.381755585035791,-0.310382706665376,-3.98568810172779,1.41834755318456,-2.27674013522434,-4.31917089859967,-0.321894773746417,1.15867163359075,7,7,7,7,23,block_az0_60_ele70,sector,4,2
367,-4.24857827319871,0.381858536060115,-0.309776194451778,-3.98748892166777,1.42128272270109,-2.28150618429096,-4.34877108270354,-0.316245358315892,1.14871705571526,7,7,7,7,23,block_az0_60_ele70,sector,4,2
368,-4.25624403931662,0.382309508538437,-0.309035999822535,-3.9944432726589,1.42456591367163,-2.28613855094193,-4.43660482291259,-0.379362267373295,1.11463815490883,7,7,7,7,23,block_az0_60_ele70,sector,4,2
369,-4.26224971629824,0.384226829166432,-0.30721707434641,-3.99973753451373,1.42931545279183,-2.28969218674602,-4.47355013755928,-0.344172044261268,1.06718592870896,7,7,7,7,23,block_az0_60_ele70,sector,4,2
370,-4.2700059100273,0.385094466372605,-0.305165234179594,-4.006782313116,1.43301530849021,-2.29301290785942,-4.47019237869602,-0.289426280454967,0.857268374684195,7,7,7,7,23,block_az0_60_ele70,sector,4,2
371,-4.27975185021042,0.385904602295348,-0.304399236758344,-4.01581683817233,1.43665766290517,-2.29761947171839,-4.49117509111952,-0.251073906591159,0.866536621467668,7,7,7,7,23,block_az0_60_ele70,sector,4,2
372,-4.28786230565767,0.386745055548759,-0.305970619641748,-4.02321587849279,1.44033033465079,-2.304563415882,-4.61441064168246,-0.289061880000474,0.871237463179767,7,7,7,7,23,block_az0_60_ele70,sector,4,2
373,-4.29902037600734,0.387928595439281,-0.307084158164392,-4.03366253371568,1.44434609303352,-2.31104951568486,-4.61614190973706,-0.268655149690805,0.926741704214704,7,7,7,7,23,block_az0_60_ele70,sector,4,2
374,-4.30799378566204,0.386494328497748,-0.31001512479604,-4.04192452824359,1.44574404458419,-2.31935304359673,-4.56351840504509,-0.190294595036131,1.07953079303994,7,7,7,7,23,block_az0_60_ele70,sector,4,2
375,-4.32022522648936,0.386425412847516,-0.314622714515675,-4.05344455394413,1.44850734742617,-2.32933319459658,-4.53120284031348,-0.147640754654776,1.02602739981701,7,7,7,7,23,block_az0_60_ele70,sector,4,2
376,-4.32795358754718,0.390770925205441,-0.317741465499934,-4.06046149987516,1.45568507827631,-2.33782450686105,-4.57230443076334,-0.112170186503958,0.952577810907684,7,7,7,7,23,block_az0_60_ele70,sector,4,2
377,-4.3339954286824,0.394884800087704,-0.320275132838007,-4.06579192588359,1.46263117165078,-2.34573073547934,-4.61457491028887,-0.170929016262924,1.00018329646968,7,7,7,7,23,block_az0_60_ele70,sector,4,2
378,-4.33800115810441,0.399024419839692,-0.321852032300991,-4.06908624017881,1.46960300989498,-2.35268019622254,-4.5854449203165,-0.150837264189185,0.823888659151917,7,7,7,7,23,block_az0_60_ele70,sector,4,2
379,-4.34412093642635,0.401864535976898,-0.322631594344153,-4.07449460337397,1.47527534452439,-2.35883231954592,-4.57746585491589,-0.161555030315251,0.788791781248419,7,7,7,7,23,block_az0_60_ele70,sector,4,2
380,-4.35582309880554,0.401502411789112,-0.32462200681519,-4.08548535062636,1.47774543882882,-2.36619529329717,-4.64332840137937,-0.175660235077698,0.677491276491923,7,7,7,7,23,block_az0_60_ele70,sector,4,2
381,-4.3631127143291,0.402637730229372,-0.327499774585029,-4.09206355102314,1.48171297576129,-2.37444562234723,-4.62150070739797,-0.147293030258995,0.717646449288518,7,7,7,7,23,block_az0_60_ele70,sector,4,2
382,-4.37076543720066,0.403677085437078,-0.328056800169342,-4.09900485876791,1.4855845494612,-2.38037520921176,-4.66421722090978,-0.126594426140041,0.510429575452202,7,7,7,7,23,block_az0_60_ele70,sector,4,2
383,-4.37959319337295,0.403054791254309,-0.329168577816217,-4.10712119981342,1.48779447377064,-2.38685954813885,-4.56209536007308,-0.118965689708046,0.368003345746356,7,7,7,7,23,block_az0_60_ele70,sector,4,2
384,-4.389668617834,0.403416371560705,-0.328210989849201,-4.11648520914768,1.49098827256925,-2.39127452145205,-4.54917010228278,-0.118623618824679,0.586113052454963,7,7,7,7,23,block_az0_60_ele70,sector,4,2
385,-4.40302998572552,0.401154387949861,-0.32981773556374,-4.12913516191241,1.49155850745061,-2.3982538284468,-4.48863092626058,-0.0790930423861356,0.555338572771267,7,7,7,7,23,block_az0_60_ele70,sector,4,2
386,-4.40832014014516,0.399642228150743,-0.332553583465085,-4.13371390120526,1.49287856614371,-2.40636223762836,-4.55612565379916,-0.135795441245252,0.686135080022994,7,7,7,7,23,block_az0_60_ele70,sector,4,2
387,-4.41351715682528,0.398385201024073,-0.335153789482645,-4.1381995027586,1.49445375750925,-2.41433500492614,-4.55346911221306,-0.165131761359296,0.638302844990677,7,7,7,7,23,block_az0_60_ele70,sector,4,2
388,-4.42531145953987,0.397870265284931,-0.339552347088106,-4.1492823903464,1.49677104026231,-2.42410612381181,-4.67397666350169,-0.257381460854825,0.563653197144784,7,7,7,7,23,block_az0_60_ele70,sector,4,2
389,-4.43283584142242,0.398274387598104,-0.341955662593523,-4.15609535710216,1.5000073810677,-2.43188200059745,-4.64963532861969,-0.295962985376364,0.866235667568094,7,7,7,7,23,block_az0_60_ele70,sector,4,2
390,-4.44641786619073,0.400423257655865,-0.343138153573979,-4.16896596674369,1.50498846961767,-2.43843705285812,-4.60584589731932,-0.314746590467632,0.953651128513043,7,7,7,7,23,block_az0_60_ele70,sector,4,2
391,-4.45619582384301,0.402304989921259,-0.343940966154352,-4.17803250926918,1.50970242037527,-2.44461242671871,-4.67673133063982,-0.439065644058596,1.20041473386958,7,7,7,7,23,block_az0_60_ele70,sector,4,2
392,-4.45937310906897,0.404336501078503,-0.345983917034651,-4.18049837936835,1.51456615002473,-2.45202793887922,-4.65598702952588,-0.426929456951908,1.2535950551107,7,7,7,7,23,block_az0_60_ele70,sector,4,2
393,-4.46308518800682,0.406096885009688,-0.346724130593547,-4.18349904317942,1.51915875244812,-2.45814071371833,-4.69413211564641,-0.471331293648267,1.28462582286017,7,7,7,7,23,block_az0_60_ele70,sector,4,2
394,-4.47110165982942,0.405639191993194,-0.34684354293429,-4.19080409987522,1.52153327792384,-2.46363268733929,-4.75776020434657,-0.486467878396128,1.2609739888027,7,7,7,7,23,block_az0_60_ele70,sector,4,2
395,-4.47955149639144,0.405020235628602,-0.35026861565291,-4.19854252131046,1.52374654005145,-2.47243032133813,-4.74134436469291,-0.461750606620543,1.26461671370131,7,7,7,7,23,block_az0_60_ele70,sector,4,2
396,-4.48682434521768,0.405738603699914,-0.352229224705063,-4.20510395500992,1.52729712661497,-2.4797634916705,-4.72815682582124,-0.433423252590575,1.09635837972683,7,7,7,7,23,block_az0_60_ele70,sector,4,2
397,-4.49566799854867,0.404915556384904,-0.356189082440176,-4.21323619321411,1.52930629779217,-2.48909591068583,-4.73596286277266,-0.443218210081936,1.28316223667429,7,7,7,7,23,block_az0_60_ele70,sector,4,2
398,-4.50365785201497,0.407300151004894,-0.357575880103827,-4.22051463155363,1.53452311090437,-2.49585526962969,-4.71319215807015,-0.471367669988673,1.56240636420374,7,7,7,7,23,block_az0_60_ele70,sector,4,2
399,-4.51061437107949,0.407957607177536,-0.358645221868902,-4.22675973549136,1.53801278556923,-2.50229717267498,-4.81586129404787,-0.487879597727599,1.42466305938078,7,7,7,7,23,block_az0_60_ele70,sector,4,2
400,-4.51137309769202,0.408240142123094,-0.361299864410388,-4.2268070469771,1.54112753900699,-2.51032437649668,-4.79093648856473,-0.449669209890356,1.2796378136917,7,7,7,7,23,block_az0_60_ele70,sector,4,2
401,-4.51711035507641,0.408520263422176,-0.36321572513739,-4.23183288923471,1.54423987879829,-2.5176127985039,-4.76702513770083,-0.463504018240562,1.07193364853409,7,7,7,7,23,block_az0_60_ele70,sector,4,2
402,-4.52240333246073,0.407673597952254,-0.364901983673781,-4.23641445149224,1.54622543182057,-2.52467161832051,-4.74742059855429,-0.47728035228168,1.02369755897128,7,7,7,7,23,block_az0_60_ele70,sector,4,2
403,-4.52972524504102,0.407640117495667,-0.365969670030483,-4.24302494894574,1.5490241698562,-2.53111186595743,-4.77970211729842,-0.449780989870328,0.784331059782622,7,7,7,7,23,block_az0_60_ele70,sector,4,2
404,-4.54012738602362,0.405578171771511,-0.367994595294047,-4.25271567480155,1.54979444262425,-2.53850935250121,-4.77654269035552,-0.43847074080286,0.841825181175953,7,7,7,7,23,block_az0_60_ele70,sector,4,2
405,-4.54655941657544,0.406994722223448,-0.367774178029421,-4.25843629022659,1.5540432115684,-2.5436614965168,-4.86695214110435,-0.471673200502694,0.911952604701418,7,7,7,7,23,block_az0_60_ele70,sector,4,2
406,-4.55582190075694,0.405245903205516,-0.366838519188164,-4.2669873592813,1.55512661104267,-2.54809839895575,-4.89967813503207,-0.495849887167371,0.951192590847131,7,7,7,7,23,block_az0_60_ele70,sector,4,2
407,-4.55547294616476,0.409816244688189,-0.364679065998427,-4.26592698956233,1.56252917101756,-2.55131150704623,-4.82087763420073,-0.43156512194831,0.92973962893345,7,7,7,7,23,block_az0_60_ele70,sector,4,2
408,-4.56320060482421,0.408479245496593,-0.363456764295118,-4.27294323309499,1.56402439031817,-2.55546176662314,-4.8224812578171,-0.370496476991535,0.926979055241046,7,7,7,7,23,block_az0_60_ele70,sector,4,2
409,-4.57578099646382,0.407669465905309,-0.365336677832191,-4.28481220960782,1.5660468292191,-2.56271424144043,-4.79911682984289,-0.354902515288352,1.18280780691758,7,7,7,7,23,block_az0_60_ele70,sector,4,2
410,-4.58784571439159,0.407720150020311,-0.363629126361794,-4.2961655124088,1.56892973182631,-2.56637925125025,-4.73791948931694,-0.38248666061479,1.19430804610501,7,7,7,7,23,block_az0_60_ele70,sector,4,2
411,-4.59351952226569,0.406505982819544,-0.362859689505556,-4.30112790515612,1.57054778311775,-2.57098237567423,-4.65019708589357,-0.323845676200032,1.19245809487857,7,7,7,7,23,block_az0_60_ele70,sector,4,2
412,-4.59881424725913,0.407365366031783,-0.363681128768192,-4.30571121502276,1.5742393848222,-2.57717637621708,-4.68125231982062,-0.432835523125575,1.34739258607104,7,7,7,7,23,block_az0_60_ele70,sector,4,2
413,-4.60214555087581,0.409453844030052,-0.363550178449515,-4.30833110351266,1.57916008131268,-2.58241798717862,-4.67175222948094,-0.428796772198871,1.41597033413517,7,7,7,7,23,block_az0_60_ele70,sector,4,2
414,-4.6052510047923,0.408508060713384,-0.364644685623652,-4.31072514230236,1.58104651648822,-2.58888505563297,-4.7981714668751,-0.467988777915354,1.52822955191451,7,7,7,7,23,block_az0_60_ele70,sector,4,2
415,-4.61459029106699,0.40894377978461,-0.36729469876413,-4.31935301345026,1.58431445405166,-2.59690763005366,-4.82664371389776,-0.4444128240669,1.49154773718881,7,7,7,7,23,block_az0_60_ele70,sector,4,2
416,-4.62202435479417,0.410094272411802,-0.369873731474729,-4.32607566205065,1.58829716517106,-2.60485922404448,-4.88031213516397,-0.508601064418426,1.63305476085621,7,7,7,7,23,block_az0_60_ele70,sector,4,2
417,-4.62972726162181,0.411599813522876,-0.370680349424259,-4.33306715375151,1.59263492477434,-2.61103840327422,-4.94299150545745,-0.568023320027684,1.76241448772289,7,7,7,7,23,block_az0_60_ele70,sector,4,2
418,-4.63604686095872,0.413247716687091,-0.368718942364554,-4.33867533796163,1.59711504643077,-2.61444955749473,-4.99040374544093,-0.619877731665167,1.90924755231538,7,7,7,7,23,block_az0_60_ele70,sector,4,2
419,-4.64461430385497,0.41325826490967,-0.369114212868465,-4.34653136573109,1.59995781314556,-2.62021738927886,-5.03607359259204,-0.654083453041877,1.96813232605194,7,7,7,7,23,block_az0_60_ele70,sector,4,2
420,-4.65833352059219,0.412418148714891,-0.370443394060292,-4.35953916734152,1.60194991544299,-2.6269191317509,-5.04575621039162,-0.632761947957634,1.99612038285525,7,7,7,7,23,block_az0_60_ele70,sector,4,2
421,-4.67826617774912,0.411965383832801,-0.370486784083663,-4.37876040937167,1.60432936905311,-2.63233508305449,-5.1068435836427,-0.639430223423426,1.77444309914597,7,7,7,7,23,block_az0_60_ele70,sector,4,2
422,-4.68595937463836,0.412968422763288,-0.369217060994864,-4.38574219113412,1.6081646264758,-2.63643792124591,-5.02112400937498,-0.609001841589954,1.78403085864953,7,7,7,7,23,block_az0_60_ele70,sector,4,2
423,-4.69342716325777,0.412888337599501,-0.367938273780443,-4.39249856462675,1.61091675980423,-2.6405316953117,-5.00491651149412,-0.511258584334088,1.44842470846433,7,7,7,7,23,block_az0_60_ele70,sector,4,2
424,-4.70018835953132,0.412503656084798,-0.370012774556277,-4.39854834577351,1.61336429678173,-2.64797875736775,-4.93224069942782,-0.504532046690925,1.58999329927741,7,7,7,7,23,block_az0_60_ele70,sector,4,2
425,-4.70818935654745,0.413392793251971,-0.369367711624012,-4.40583792766285,1.61708565244111,-2.6527062557157,-4.9201598130198,-0.442519078696426,1.44445635196138,7,7,7,7,23,block_az0_60_ele70,sector,4,2
426,-4.71364120952026,0.414324668246045,-0.370083921095735,-4.41057836550888,1.6208497459274,-2.65879502646764,-4.88483892983201,-0.461544970423261,1.64218222854996,7,7,7,7,23,block_az0_60_ele70,sector,4,2
427,-4.72258120531962,0.414938142155511,-0.371303274974869,-4.41880694618144,1.62429543832907,-2.66538694162699,-4.9280902702544,-0.470287624903696,1.66027472328905,7,7,7,7,23,block_az0_60_ele70,sector,4,2
428,-4.73220621171422,0.416885620390632,-0.373035459670908,-4.42772053744926,1.6290751350564,-2.67249168760324,-4.98042750474568,-0.425136474854457,1.47266537488857,7,7,7,7,23,block_az0_60_ele70,sector,4,2
429,-4.74208485861183,0.416343367937285,-0.374560523185605,-4.43688776922008,1.63136510109527,-2.67938931239816,-4.97986481541595,-0.386544389727952,1.52642151664594,7,7,7,7,23,block_az0_60_ele70,sector,4,2
430,-4.75586438410089,0.415221014892713,-0.374802330361272,-4.44995587958236,1.63307496654291,-2.68500368085404,-4.94312491874715,-0.340214379499191,1.41194165022958,7,7,7,7,23,block_az0_60_ele70,sector,4,2
431,-4.76248134363137,0.415975738224266,-0.376283420192498,-4.45586142398605,1.63666190836667,-2.69185733196548,-4.97537477795643,-0.351847609425219,1.36439833735136,7,7,7,7,23,block_az0_60_ele70,sector,4,2
432,-4.775595496721,0.415133682901235,-0.376942451879388,-4.46826416194889,1.63865207153585,-2.69788892493259,-5.01278399198387,-0.293915321668875,1.12590784539952,7,7,7,7,23,block_az0_60_ele70,sector,4,2
433,-4.78990930703645,0.41438886600515,-0.377405027940231,-4.48186655713755,1.64073947313197,-2.70372406227365,-4.88243601095933,-0.226277633436495,1.14782750193242,7,7,7,7,23,block_az0_60_ele70,sector,4,2
434,-4.79072308182498,0.419417903690199,-0.377348705836498,-4.48196891679929,1.64860072930923,-2.70904030145013,-4.82814356727066,-0.26369926017852,1.34033336747304,7,7,7,7,23,block_az0_60_ele70,sector,4,2
435,-4.8026847510592,0.419372325478085,-0.377072020212579,-4.49321917090673,1.65138736958933,-2.71413617710643,-4.81480354480222,-0.242105187910678,1.11368943260853,7,7,7,7,23,block_az0_60_ele70,sector,4,2
436,-4.81482943183736,0.41534839743265,-0.379284806406758,-4.5046524365581,1.6501956600361,-2.72172152458082,-4.83557319927434,-0.181830604890322,0.907995952051652,7,7,7,7,23,block_az0_60_ele70,sector,4,2
437,-4.82920027638948,0.413755016874202,-0.378220946427485,-4.51831186598343,1.65143449796986,-2.72603022588176,-4.94856616316773,-0.298267236306659,1.11410081344084,7,7,7,7,23,block_az0_60_ele70,sector,4,2
438,-4.84243328997033,0.411292359159415,-0.377405820727201,-4.5308334644375,1.65180405874729,-2.7305876614617,-5.14169584776274,-0.4285267305538,1.33273448887465,7,7,7,7,23,block_az0_60_ele70,sector,4,2
439,-4.86147575485819,0.409517324403227,-0.375106719213769,-4.54916451419857,1.65286124248331,-2.73366112122848,-5.22828055313974,-0.558578318881247,1.68295613348798,7,7,7,7,23,block_az0_60_ele70,sector,4,2
440,-4.87629969268813,0.409577186497919,-0.37475299452864,-4.56327703690172,1.65575332307021,-2.73867995782357,-5.26478850573263,-0.584269970437067,1.87587948277337,7,7,7,7,23,block_az0_60_ele70,sector,4,2
